ItemCode,,WoY,DailySales
3418,0,1,83
3418,1,2,85
3418,2,3,89
3418,3,4,67
3418,4,5,109
3418,5,6,72
3418,6,7,21
3418,7,39,29
3418,8,40,42
3418,9,41,41
3418,10,42,41
3418,11,43,44
3418,12,44,46
3418,13,45,43
3418,14,46,49
3418,15,47,54
3418,16,48,69
3418,17,49,101
3418,18,50,73
3418,19,51,75
3418,20,52,56
3427,0,1,66
3427,1,2,32
3427,2,3,34
3427,3,4,29
3427,4,5,58
3427,5,6,35
3427,6,7,3
3427,7,39,11
3427,8,40,40
3427,9,41,20
3427,10,42,48
3427,11,43,54
3427,12,44,28
3427,13,45,36
3427,14,46,52
3427,15,47,42
3427,16,48,57
3427,17,49,46
3427,18,50,45
3427,19,51,78
3427,20,52,39
7666,0,1,15
7666,1,2,26
7666,2,3,28
7666,3,4,38
7666,4,5,41
7666,5,6,39
7666,6,7,35
7666,7,39,84
7666,8,40,119
7666,9,41,196
7666,10,42,185
7666,11,43,94
7666,12,44,15
7666,13,45,10
7666,14,46,30
7666,15,47,79
7666,16,48,82
7666,17,49,141
7666,18,50,219
7666,19,51,125
7666,20,52,107
9925,0,1,8
9925,1,2,9
9925,2,3,14
9925,3,4,10
9925,4,5,8
9925,5,6,21
9925,6,7,8
9925,7,39,1
9925,8,40,9
9925,9,41,11
9925,10,42,13
9925,11,43,5
9925,12,44,11
9925,13,45,11
9925,14,46,13
9925,15,47,12
9925,16,48,10
9925,17,49,21
9925,18,50,15
9925,19,51,17
9925,20,52,19
16936,0,1,74
16936,1,2,66
16936,2,3,43
16936,3,4,66
16936,4,5,48
16936,5,6,71
16936,6,7,23
16936,7,39,9
16936,8,40,25
16936,9,41,40
16936,10,42,31
16936,11,43,21
16936,12,44,43
16936,13,45,7
16936,14,46,34
16936,15,47,151
16936,16,48,32
16936,17,49,28
16936,18,50,25
16936,19,51,49
16936,20,52,40
17287,0,1,21
17287,1,2,17
17287,2,3,28
17287,3,4,82
17287,4,5,14
17287,5,6,23
17287,6,7,38
17287,7,39,2
17287,8,40,16
17287,9,41,6
17287,10,42,10
17287,11,43,21
17287,12,44,21
17287,13,45,12
17287,14,46,20
17287,15,47,10
17287,16,48,24
17287,17,49,23
17287,18,50,6
17287,19,51,18
17287,20,52,21
17296,0,1,621
17296,1,2,503
17296,2,3,909
17296,3,4,301
17296,4,5,574
17296,5,6,331
17296,6,7,201
17296,7,39,115
17296,8,40,274
17296,9,41,438
17296,10,42,276
17296,11,43,485
17296,12,44,578
17296,13,45,643
17296,14,46,540
17296,15,47,580
17296,16,48,435
17296,17,49,595
17296,18,50,569
17296,19,51,434
17296,20,52,481
20824,0,1,91
20824,1,2,126
20824,2,3,94
20824,3,4,122
20824,4,5,136
20824,5,6,136
20824,6,7,72
20824,7,39,53
20824,8,40,144
20824,9,41,123
20824,10,42,112
20824,11,43,103
20824,12,44,163
20824,13,45,284
20824,14,46,140
20824,15,47,134
20824,16,48,115
20824,17,49,122
20824,18,50,103
20824,19,51,119
20824,20,52,116
23200,0,1,0
23200,1,2,0
23200,2,3,0
23200,3,4,0
23200,4,5,0
23200,5,6,22
23200,6,7,14
23200,7,39,8
23200,8,40,7
23200,9,41,33
23200,10,42,7
23200,11,43,64
23200,12,44,80
23200,13,45,61
23200,14,46,30
23200,15,47,108
23200,16,48,163
23200,17,49,195
23200,18,50,149
23200,19,51,73
23200,20,52,95
23569,0,1,15
23569,1,2,20
23569,2,3,23
23569,3,4,24
23569,4,5,18
23569,5,6,16
23569,6,7,12
23569,7,39,15
23569,8,40,13
23569,9,41,3
23569,10,42,11
23569,11,43,10
23569,12,44,30
23569,13,45,52
23569,14,46,35
23569,15,47,21
23569,16,48,29
23569,17,49,11
23569,18,50,21
23569,19,51,16
23569,20,52,16
24136,0,1,31
24136,1,2,27
24136,2,3,55
24136,3,4,33
24136,4,5,16
24136,5,6,26
24136,6,7,11
24136,7,39,17
24136,8,40,25
24136,9,41,45
24136,10,42,130
24136,11,43,36
24136,12,44,33
24136,13,45,17
24136,14,46,7
24136,15,47,22
24136,16,48,25
24136,17,49,23
24136,18,50,16
24136,19,51,31
24136,20,52,25
30877,0,1,44
30877,1,2,64
30877,2,3,114
30877,3,4,107
30877,4,5,71
30877,5,6,92
30877,6,7,46
30877,7,39,21
30877,8,40,70
30877,9,41,41
30877,10,42,51
30877,11,43,64
30877,12,44,72
30877,13,45,131
30877,14,46,50
30877,15,47,61
30877,16,48,98
30877,17,49,103
30877,18,50,44
30877,19,51,68
30877,20,52,50
32245,0,1,78
32245,1,2,30
32245,2,3,51
32245,3,4,51
32245,4,5,51
32245,5,6,51
32245,6,7,16
32245,7,39,26
32245,8,40,41
32245,9,41,24
32245,10,42,45
32245,11,43,28
32245,12,44,27
32245,13,45,29
32245,14,46,40
32245,15,47,29
32245,16,48,46
32245,17,49,38
32245,18,50,18
32245,19,51,53
32245,20,52,29
35449,0,1,14
35449,1,2,15
35449,2,3,11
35449,3,4,16
35449,4,5,23
35449,5,6,29
35449,6,7,3
35449,7,39,2
35449,8,40,1
35449,9,41,3
35449,10,42,6
35449,11,43,6
35449,12,44,5
35449,13,45,7
35449,14,46,5
35449,15,47,18
35449,16,48,11
35449,17,49,27
35449,18,50,17
35449,19,51,20
35449,20,52,1
35530,0,1,16
35530,1,2,17
35530,2,3,10
35530,3,4,16
35530,4,5,0
35530,5,6,22
35530,6,7,9
35530,7,39,2
35530,8,40,21
35530,9,41,24
35530,10,42,7
35530,11,43,15
35530,12,44,3
35530,13,45,18
35530,14,46,3
35530,15,47,20
35530,16,48,6
35530,17,49,21
35530,18,50,7
35530,19,51,16
35530,20,52,8
35584,0,1,4
35584,1,2,22
35584,2,3,4
35584,3,4,5
35584,4,5,5
35584,5,6,10
35584,6,7,4
35584,7,39,1
35584,8,40,6
35584,9,41,5
35584,10,42,4
35584,11,43,8
35584,12,44,2
35584,13,45,2
35584,14,46,5
35584,15,47,4
35584,16,48,7
35584,17,49,8
35584,18,50,12
35584,19,51,19
35584,20,52,4
36898,0,1,105
36898,1,2,90
36898,2,3,118
36898,3,4,53
36898,4,5,77
36898,5,6,70
36898,6,7,45
36898,7,39,17
36898,8,40,55
36898,9,41,40
36898,10,42,90
36898,11,43,82
36898,12,44,74
36898,13,45,58
36898,14,46,70
36898,15,47,62
36898,16,48,85
36898,17,49,76
36898,18,50,60
36898,19,51,76
36898,20,52,75
37510,0,1,8
37510,1,2,7
37510,2,3,7
37510,3,4,6
37510,4,5,8
37510,5,6,11
37510,6,7,3
37510,7,39,1
37510,8,40,12
37510,9,41,6
37510,10,42,6
37510,11,43,10
37510,12,44,11
37510,13,45,7
37510,14,46,3
37510,15,47,2
37510,16,48,4
37510,17,49,12
37510,18,50,7
37510,19,51,4
37510,20,52,4
37861,0,1,206
37861,1,2,144
37861,2,3,126
37861,3,4,165
37861,4,5,241
37861,5,6,239
37861,6,7,111
37861,7,39,77
37861,8,40,168
37861,9,41,89
37861,10,42,78
37861,11,43,125
37861,12,44,143
37861,13,45,80
37861,14,46,83
37861,15,47,143
37861,16,48,131
37861,17,49,127
37861,18,50,91
37861,19,51,143
37861,20,52,110
38518,0,1,30
38518,1,2,17
38518,2,3,12
38518,3,4,18
38518,4,5,17
38518,5,6,35
38518,6,7,16
38518,7,39,9
38518,8,40,25
38518,9,41,13
38518,10,42,19
38518,11,43,9
38518,12,44,6
38518,13,45,8
38518,14,46,12
38518,15,47,18
38518,16,48,14
38518,17,49,28
38518,18,50,16
38518,19,51,12
38518,20,52,18
39436,0,1,16
39436,1,2,14
39436,2,3,22
39436,3,4,21
39436,4,5,18
39436,5,6,23
39436,6,7,11
39436,7,39,139
39436,8,40,161
39436,9,41,93
39436,10,42,26
39436,11,43,22
39436,12,44,15
39436,13,45,21
39436,14,46,10
39436,15,47,10
39436,16,48,11
39436,17,49,10
39436,18,50,22
39436,19,51,16
39436,20,52,15
40759,0,1,37
40759,1,2,59
40759,2,3,38
40759,3,4,58
40759,4,5,53
40759,5,6,26
40759,6,7,28
40759,7,39,38
40759,8,40,59
40759,9,41,46
40759,10,42,43
40759,11,43,62
40759,12,44,62
40759,13,45,35
40759,14,46,34
40759,15,47,56
40759,16,48,63
40759,17,49,87
40759,18,50,122
40759,19,51,155
40759,20,52,69
41830,0,1,19
41830,1,2,14
41830,2,3,16
41830,3,4,15
41830,4,5,22
41830,5,6,9
41830,6,7,20
41830,7,39,3
41830,8,40,17
41830,9,41,15
41830,10,42,12
41830,11,43,20
41830,12,44,8
41830,13,45,7
41830,14,46,24
41830,15,47,28
41830,16,48,14
41830,17,49,13
41830,18,50,20
41830,19,51,17
41830,20,52,25
42424,0,1,39
42424,1,2,61
42424,2,3,37
42424,3,4,41
42424,4,5,61
42424,5,6,59
42424,6,7,17
42424,7,39,13
42424,8,40,24
42424,9,41,33
42424,10,42,12
42424,11,43,22
42424,12,44,23
42424,13,45,27
42424,14,46,23
42424,15,47,28
42424,16,48,33
42424,17,49,58
42424,18,50,41
42424,19,51,62
42424,20,52,27
42496,0,1,36
42496,1,2,35
42496,2,3,37
42496,3,4,39
42496,4,5,42
42496,5,6,30
42496,6,7,26
42496,7,39,19
42496,8,40,11
42496,9,41,22
42496,10,42,22
42496,11,43,45
42496,12,44,22
42496,13,45,32
42496,14,46,24
42496,15,47,20
42496,16,48,38
42496,17,49,102
42496,18,50,29
42496,19,51,43
42496,20,52,47
43630,0,1,32
43630,1,2,22
43630,2,3,36
43630,3,4,52
43630,4,5,25
43630,5,6,49
43630,6,7,13
43630,7,39,9
43630,8,40,31
43630,9,41,20
43630,10,42,21
43630,11,43,33
43630,12,44,24
43630,13,45,31
43630,14,46,25
43630,15,47,27
43630,16,48,29
43630,17,49,39
43630,18,50,22
43630,19,51,22
43630,20,52,21
43657,0,1,8
43657,1,2,9
43657,2,3,6
43657,3,4,11
43657,4,5,16
43657,5,6,23
43657,6,7,3
43657,7,39,3
43657,8,40,12
43657,9,41,4
43657,10,42,3
43657,11,43,4
43657,12,44,14
43657,13,45,9
43657,14,46,8
43657,15,47,5
43657,16,48,9
43657,17,49,9
43657,18,50,7
43657,19,51,10
43657,20,52,13
43738,0,1,25
43738,1,2,30
43738,2,3,28
43738,3,4,17
43738,4,5,17
43738,5,6,31
43738,6,7,10
43738,7,39,10
43738,8,40,11
43738,9,41,13
43738,10,42,8
43738,11,43,13
43738,12,44,5
43738,13,45,11
43738,14,46,12
43738,15,47,27
43738,16,48,17
43738,17,49,19
43738,18,50,18
43738,19,51,24
43738,20,52,12
48940,0,1,21
48940,1,2,25
48940,2,3,9
48940,3,4,28
48940,4,5,17
48940,5,6,16
48940,6,7,19
48940,7,39,2
48940,8,40,10
48940,9,41,16
48940,10,42,8
48940,11,43,12
48940,12,44,12
48940,13,45,12
48940,14,46,18
48940,15,47,18
48940,16,48,11
48940,17,49,6
48940,18,50,12
48940,19,51,23
48940,20,52,18
50785,0,1,5
50785,1,2,19
50785,2,3,29
50785,3,4,33
50785,4,5,10
50785,5,6,65
50785,6,7,38
50785,7,39,9
50785,8,40,18
50785,9,41,5
50785,10,42,10
50785,11,43,22
50785,12,44,28
50785,13,45,12
50785,14,46,21
50785,15,47,24
50785,16,48,10
50785,17,49,15
50785,18,50,7
50785,19,51,7
50785,20,52,6
52099,0,1,4
52099,1,2,11
52099,2,3,4
52099,3,4,8
52099,4,5,5
52099,5,6,6
52099,6,7,7
52099,7,39,9
52099,8,40,7
52099,9,41,7
52099,10,42,5
52099,11,43,5
52099,12,44,15
52099,13,45,29
52099,14,46,4
52099,15,47,4
52099,16,48,13
52099,17,49,4
52099,18,50,3
52099,19,51,2
52099,20,52,7
57058,0,1,3
57058,1,2,7
57058,2,3,16
57058,3,4,12
57058,4,5,12
57058,5,6,5
57058,6,7,2
57058,7,39,5
57058,8,40,11
57058,9,41,6
57058,10,42,4
57058,11,43,2
57058,12,44,5
57058,13,45,10
57058,14,46,4
57058,15,47,7
57058,16,48,3
57058,17,49,13
57058,18,50,4
57058,19,51,3
57058,20,52,13
59047,0,1,8
59047,1,2,37
59047,2,3,8
59047,3,4,16
59047,4,5,7
59047,5,6,4
59047,6,39,3
59047,7,40,5
59047,8,41,4
59047,9,42,1
59047,10,43,17
59047,11,44,15
59047,12,45,3
59047,13,46,9
59047,14,47,0
59047,15,48,8
59047,16,49,12
59047,17,50,11
59047,18,51,8
59047,19,52,2
59749,0,1,55
59749,1,2,47
59749,2,3,45
59749,3,4,44
59749,4,5,35
59749,5,6,32
59749,6,7,18
59749,7,39,26
59749,8,40,44
59749,9,41,37
59749,10,42,38
59749,11,43,44
59749,12,44,28
59749,13,45,44
59749,14,46,28
59749,15,47,38
59749,16,48,61
59749,17,49,70
59749,18,50,82
59749,19,51,99
59749,20,52,83
64978,0,1,3
64978,1,2,4
64978,2,3,1
64978,3,4,3
64978,4,5,5
64978,5,6,5
64978,6,7,4
64978,7,39,2
64978,8,40,8
64978,9,41,3
64978,10,42,2
64978,11,43,6
64978,12,44,4
64978,13,45,7
64978,14,46,3
64978,15,47,12
64978,16,48,9
64978,17,49,6
64978,18,50,3
64978,19,51,3
64978,20,52,2
65788,0,1,12
65788,1,2,8
65788,2,3,9
65788,3,4,17
65788,4,5,9
65788,5,6,9
65788,6,7,6
65788,7,39,26
65788,8,40,46
65788,9,41,54
65788,10,42,52
65788,11,43,32
65788,12,44,4
65788,13,45,12
65788,14,46,8
65788,15,47,10
65788,16,48,15
65788,17,49,13
65788,18,50,11
65788,19,51,7
65788,20,52,14
75886,0,1,9
75886,1,2,9
75886,2,3,0
75886,3,4,6
75886,4,5,12
75886,5,6,14
75886,6,7,3
75886,7,39,7
75886,8,40,12
75886,9,41,8
75886,10,42,10
75886,11,43,10
75886,12,44,3
75886,13,45,9
75886,14,46,3
75886,15,47,13
75886,16,48,15
75886,17,49,8
75886,18,50,17
75886,19,51,7
75886,20,52,13
76399,0,1,45
76399,1,2,39
76399,2,3,60
76399,3,4,55
76399,4,5,18
76399,5,39,21
76399,6,40,11
76399,7,41,12
76399,8,42,31
76399,9,43,23
76399,10,44,18
76399,11,45,35
76399,12,46,29
76399,13,47,19
76399,14,48,25
76399,15,49,16
76399,16,50,31
76399,17,51,39
76399,18,52,25
86974,0,1,36
86974,1,2,23
86974,2,3,25
86974,3,4,0
86974,4,5,23
86974,5,6,0
86974,6,7,4
86974,7,39,12
86974,8,40,20
86974,9,41,17
86974,10,42,2
86974,11,43,1
86974,12,44,35
86974,13,45,1
86974,14,46,14
86974,15,47,11
86974,16,48,8
86974,17,49,30
86974,18,50,20
86974,19,51,19
86974,20,52,43
86992,0,1,41
86992,1,2,52
86992,2,3,72
86992,3,4,79
86992,4,5,75
86992,5,6,104
86992,6,7,37
86992,7,39,5
86992,8,40,43
86992,9,41,31
86992,10,42,37
86992,11,43,45
86992,12,44,41
86992,13,45,33
86992,14,46,61
86992,15,47,50
86992,16,48,43
86992,17,49,54
86992,18,50,65
86992,19,51,55
86992,20,52,71
87046,0,1,7
87046,1,2,13
87046,2,3,10
87046,3,4,0
87046,4,5,0
87046,5,6,0
87046,6,7,4
87046,7,39,6
87046,8,40,6
87046,9,41,6
87046,10,42,1
87046,11,43,0
87046,12,44,11
87046,13,45,15
87046,14,46,7
87046,15,47,5
87046,16,48,7
87046,17,49,17
87046,18,50,12
87046,19,51,17
87046,20,52,18
87559,0,1,28
87559,1,2,31
87559,2,3,18
87559,3,4,31
87559,4,5,29
87559,5,6,30
87559,6,7,10
87559,7,39,8
87559,8,40,30
87559,9,41,11
87559,10,42,18
87559,11,43,21
87559,12,44,13
87559,13,45,14
87559,14,46,24
87559,15,47,14
87559,16,48,15
87559,17,49,15
87559,18,50,48
87559,19,51,34
87559,20,52,54
88450,0,1,30
88450,1,2,85
88450,2,3,83
88450,3,4,85
88450,4,5,74
88450,5,6,96
88450,6,7,69
88450,7,39,65
88450,8,40,91
88450,9,41,139
88450,10,42,64
88450,11,43,137
88450,12,44,142
88450,13,45,123
88450,14,46,93
88450,15,47,115
88450,16,48,48
88450,17,49,99
88450,18,50,61
88450,19,51,111
88450,20,52,106
99079,0,1,23
99079,1,2,12
99079,2,3,36
99079,3,4,16
99079,4,5,16
99079,5,6,17
99079,6,7,6
99079,7,39,9
99079,8,40,20
99079,9,41,13
99079,10,42,12
99079,11,43,23
99079,12,44,25
99079,13,45,15
99079,14,46,19
99079,15,47,32
99079,16,48,21
99079,17,49,17
99079,18,50,14
99079,19,51,35
99079,20,52,21
110320,0,1,47
110320,1,2,54
110320,2,3,52
110320,3,4,46
110320,4,5,28
110320,5,6,31
110320,6,7,10
110320,7,39,13
110320,8,40,37
110320,9,41,36
110320,10,42,22
110320,11,43,48
110320,12,44,49
110320,13,45,38
110320,14,46,40
110320,15,47,50
110320,16,48,54
110320,17,49,53
110320,18,50,58
110320,19,51,47
110320,20,52,48
111382,0,1,9
111382,1,2,11
111382,2,3,9
111382,3,4,11
111382,4,5,13
111382,5,6,10
111382,6,7,4
111382,7,39,8
111382,8,40,24
111382,9,41,21
111382,10,42,11
111382,11,43,18
111382,12,44,11
111382,13,45,15
111382,14,46,10
111382,15,47,16
111382,16,48,16
111382,17,49,15
111382,18,50,7
111382,19,51,7
111382,20,52,18
111436,0,1,6
111436,1,2,13
111436,2,3,17
111436,3,4,7
111436,4,5,9
111436,5,6,9
111436,6,7,4
111436,7,39,3
111436,8,40,6
111436,9,41,11
111436,10,42,6
111436,11,43,6
111436,12,44,2
111436,13,45,5
111436,14,46,4
111436,15,47,8
111436,16,48,20
111436,17,49,14
111436,18,50,14
111436,19,51,8
111436,20,52,19
117610,0,1,6
117610,1,2,11
117610,2,3,6
117610,3,4,7
117610,4,5,10
117610,5,6,7
117610,6,7,3
117610,7,39,4
117610,8,40,11
117610,9,41,11
117610,10,42,14
117610,11,43,27
117610,12,44,65
117610,13,45,29
117610,14,46,21
117610,15,47,26
117610,16,48,7
117610,17,49,4
117610,18,50,28
117610,19,51,8
117610,20,52,11
118033,0,1,27
118033,1,2,14
118033,2,3,14
118033,3,4,21
118033,4,5,18
118033,5,6,8
118033,6,7,6
118033,7,39,7
118033,8,40,7
118033,9,41,12
118033,10,42,12
118033,11,43,13
118033,12,44,11
118033,13,45,16
118033,14,46,16
118033,15,47,12
118033,16,48,11
118033,17,49,8
118033,18,50,11
118033,19,51,13
118033,20,52,37
119554,0,1,265
119554,1,2,196
119554,2,3,196
119554,3,4,150
119554,4,5,192
119554,5,6,140
119554,6,7,55
119554,7,39,26
119554,8,40,108
119554,9,41,120
119554,10,42,110
119554,11,43,109
119554,12,44,137
119554,13,45,127
119554,14,46,139
119554,15,47,217
119554,16,48,166
119554,17,49,207
119554,18,50,140
119554,19,51,184
119554,20,52,164
123307,0,1,632
123307,1,2,539
123307,2,3,527
123307,3,4,356
123307,4,5,376
123307,5,6,555
123307,6,7,235
123307,7,39,242
123307,8,40,569
123307,9,41,493
123307,10,42,378
123307,11,43,552
123307,12,44,330
123307,13,45,397
123307,14,46,332
123307,15,47,409
123307,16,48,400
123307,17,49,396
123307,18,50,516
123307,19,51,683
123307,20,52,731
124774,0,1,21
124774,1,2,49
124774,2,3,20
124774,3,4,2
124774,4,5,0
124774,5,6,7
124774,6,7,15
124774,7,39,3
124774,8,40,26
124774,9,41,25
124774,10,42,23
124774,11,43,19
124774,12,44,22
124774,13,45,15
124774,14,46,25
124774,15,47,20
124774,16,48,24
124774,17,49,27
124774,18,50,49
124774,19,51,17
124774,20,52,25
124954,0,1,20
124954,1,2,13
124954,2,3,8
124954,3,4,30
124954,4,5,27
124954,5,6,32
124954,6,7,20
124954,7,39,7
124954,8,40,9
124954,9,41,13
124954,10,42,18
124954,11,43,31
124954,12,44,39
124954,13,45,35
124954,14,46,49
124954,15,47,23
124954,16,48,15
124954,17,49,14
124954,18,50,19
124954,19,51,12
124954,20,52,17
130993,0,1,8
130993,1,2,29
130993,2,3,25
130993,3,4,12
130993,4,5,6
130993,5,6,45
130993,6,7,32
130993,7,39,7
130993,8,40,19
130993,9,41,7
130993,10,42,13
130993,11,43,7
130993,12,44,43
130993,13,45,37
130993,14,46,41
130993,15,47,7
130993,16,48,7
130993,17,49,12
130993,18,50,5
130993,19,51,15
130993,20,52,29
131983,0,1,37
131983,1,2,24
131983,2,3,29
131983,3,4,39
131983,4,5,31
131983,5,6,37
131983,6,7,18
131983,7,39,18
131983,8,40,44
131983,9,41,40
131983,10,42,33
131983,11,43,20
131983,12,44,30
131983,13,45,31
131983,14,46,55
131983,15,47,32
131983,16,48,30
131983,17,49,39
131983,18,50,33
131983,19,51,45
131983,20,52,41
132028,0,1,143
132028,1,2,147
132028,2,3,198
132028,3,4,227
132028,4,5,117
132028,5,6,142
132028,6,7,61
132028,7,39,97
132028,8,40,133
132028,9,41,132
132028,10,42,109
132028,11,43,154
132028,12,44,211
132028,13,45,193
132028,14,46,108
132028,15,47,225
132028,16,48,219
132028,17,49,127
132028,18,50,113
132028,19,51,140
132028,20,52,86
132334,0,1,29
132334,1,2,22
132334,2,3,23
132334,3,4,16
132334,4,5,15
132334,5,6,13
132334,6,7,5
132334,7,39,11
132334,8,40,14
132334,9,41,20
132334,10,42,11
132334,11,43,7
132334,12,44,12
132334,13,45,20
132334,14,46,19
132334,15,47,42
132334,16,48,44
132334,17,49,34
132334,18,50,31
132334,19,51,25
132334,20,52,37
138742,0,1,21
138742,1,2,14
138742,2,3,42
138742,3,4,22
138742,4,5,18
138742,5,6,20
138742,6,7,19
138742,7,39,9
138742,8,40,36
138742,9,41,21
138742,10,42,13
138742,11,43,30
138742,12,44,24
138742,13,45,20
138742,14,46,25
138742,15,47,22
138742,16,48,34
138742,17,49,24
138742,18,50,34
138742,19,51,27
138742,20,52,15
142756,0,1,34
142756,1,2,62
142756,2,3,63
142756,3,4,48
142756,4,5,28
142756,5,6,83
142756,6,7,21
142756,7,39,10
142756,8,40,43
142756,9,41,31
142756,10,42,45
142756,11,43,33
142756,12,44,35
142756,13,45,28
142756,14,46,28
142756,15,47,38
142756,16,48,26
142756,17,49,19
142756,18,50,47
142756,19,51,47
142756,20,52,33
145330,0,1,17
145330,1,2,9
145330,2,3,14
145330,3,4,16
145330,4,5,10
145330,5,6,11
145330,6,7,7
145330,7,39,7
145330,8,40,11
145330,9,41,20
145330,10,42,6
145330,11,43,9
145330,12,44,3
145330,13,45,8
145330,14,46,10
145330,15,47,9
145330,16,48,21
145330,17,49,15
145330,18,50,20
145330,19,51,24
145330,20,52,15
145978,0,1,49
145978,1,2,32
145978,2,3,41
145978,3,4,51
145978,4,5,33
145978,5,6,32
145978,6,7,13
145978,7,39,20
145978,8,40,35
145978,9,41,32
145978,10,42,34
145978,11,43,31
145978,12,44,27
145978,13,45,23
145978,14,46,30
145978,15,47,44
145978,16,48,49
145978,17,49,31
145978,18,50,56
145978,19,51,46
145978,20,52,38
169504,0,1,635
169504,1,2,507
169504,2,3,515
169504,3,4,689
169504,4,5,271
169504,5,6,371
169504,6,7,275
169504,7,39,311
169504,8,40,780
169504,9,41,511
169504,10,42,808
169504,11,43,685
169504,12,44,664
169504,13,45,686
169504,14,46,720
169504,15,47,676
169504,16,48,604
169504,17,49,697
169504,18,50,737
169504,19,51,534
169504,20,52,662
172033,0,1,19
172033,1,2,7
172033,2,3,9
172033,3,4,11
172033,4,5,16
172033,5,6,5
172033,6,7,6
172033,7,39,18
172033,8,40,44
172033,9,41,20
172033,10,42,22
172033,11,43,47
172033,12,44,178
172033,13,45,177
172033,14,46,99
172033,15,47,77
172033,16,48,12
172033,17,49,15
172033,18,50,23
172033,19,51,13
172033,20,52,10
172582,0,1,24
172582,1,2,23
172582,2,3,16
172582,3,4,21
172582,4,5,14
172582,5,6,16
172582,6,7,11
172582,7,39,13
172582,8,40,18
172582,9,41,17
172582,10,42,12
172582,11,43,26
172582,12,44,16
172582,13,45,9
172582,14,46,13
172582,15,47,25
172582,16,48,28
172582,17,49,39
172582,18,50,17
172582,19,51,16
172582,20,52,18
173617,0,1,44
173617,1,2,29
173617,2,3,12
173617,3,4,22
173617,4,5,17
173617,5,6,18
173617,6,7,12
173617,7,39,7
173617,8,40,21
173617,9,41,24
173617,10,42,18
173617,11,43,26
173617,12,44,16
173617,13,45,0
173617,14,46,6
173617,15,47,12
173617,16,48,18
173617,17,49,14
173617,18,50,90
173617,19,51,23
173617,20,52,41
174436,0,1,41
174436,1,2,45
174436,2,3,45
174436,3,4,62
174436,4,5,61
174436,5,6,47
174436,6,7,54
174436,7,39,35
174436,8,40,64
174436,9,41,60
174436,10,42,69
174436,11,43,85
174436,12,44,62
174436,13,45,73
174436,14,46,47
174436,15,47,90
174436,16,48,63
174436,17,49,45
174436,18,50,51
174436,19,51,41
174436,20,52,37
210652,0,1,12
210652,1,2,11
210652,2,3,15
210652,3,4,8
210652,4,5,3
210652,5,6,12
210652,6,7,7
210652,7,39,1
210652,8,40,5
210652,9,41,3
210652,10,42,7
210652,11,43,5
210652,12,44,11
210652,13,45,10
210652,14,46,1
210652,15,47,13
210652,16,48,9
210652,17,49,2
210652,18,50,10
210652,19,51,1
210652,20,52,6
210868,0,1,8
210868,1,2,16
210868,2,3,12
210868,3,4,11
210868,4,5,14
210868,5,6,4
210868,6,7,2
210868,7,40,11
210868,8,41,9
210868,9,42,0
210868,10,43,6
210868,11,44,8
210868,12,45,5
210868,13,46,5
210868,14,47,6
210868,15,48,14
210868,16,49,5
210868,17,50,7
210868,18,51,10
210868,19,52,6
211309,0,1,7
211309,1,2,3
211309,2,3,18
211309,3,4,21
211309,4,5,30
211309,5,6,14
211309,6,7,11
211309,7,39,11
211309,8,40,12
211309,9,41,24
211309,10,42,10
211309,11,43,10
211309,12,44,10
211309,13,45,13
211309,14,46,25
211309,15,47,9
211309,16,48,12
211309,17,49,12
211309,18,50,19
211309,19,51,11
211309,20,52,7
213802,0,1,8
213802,1,2,9
213802,2,3,7
213802,3,4,9
213802,4,5,17
213802,5,6,7
213802,6,7,3
213802,7,39,5
213802,8,40,11
213802,9,41,14
213802,10,42,11
213802,11,43,8
213802,12,44,6
213802,13,45,6
213802,14,46,3
213802,15,47,7
213802,16,48,15
213802,17,49,11
213802,18,50,9
213802,19,51,9
213802,20,52,4
216151,0,1,17
216151,1,2,23
216151,2,3,18
216151,3,4,20
216151,4,5,14
216151,5,6,13
216151,6,7,3
216151,7,39,8
216151,8,40,12
216151,9,41,20
216151,10,42,18
216151,11,43,12
216151,12,44,9
216151,13,45,30
216151,14,46,19
216151,15,47,15
216151,16,48,14
216151,17,49,19
216151,18,50,14
216151,19,51,17
216151,20,52,16
225259,0,1,0
225259,1,2,20
225259,2,3,14
225259,3,4,5
225259,4,5,23
225259,5,6,14
225259,6,7,1
225259,7,39,8
225259,8,40,17
225259,9,41,11
225259,10,42,15
225259,11,43,11
225259,12,44,5
225259,13,45,9
225259,14,46,10
225259,15,47,10
225259,16,48,18
225259,17,49,15
225259,18,50,14
225259,19,51,14
225259,20,52,9
245581,0,1,80
245581,1,2,136
245581,2,3,118
245581,3,4,188
245581,4,5,143
245581,5,6,153
245581,6,7,83
245581,7,39,24
245581,8,40,66
245581,9,41,89
245581,10,42,59
245581,11,43,111
245581,12,44,56
245581,13,45,88
245581,14,46,54
245581,15,47,76
245581,16,48,74
245581,17,49,104
245581,18,50,76
245581,19,51,93
245581,20,52,96
248272,0,1,20
248272,1,2,26
248272,2,3,9
248272,3,4,28
248272,4,5,19
248272,5,6,19
248272,6,7,16
248272,7,39,14
248272,8,40,17
248272,9,41,0
248272,10,42,0
248272,11,43,0
248272,12,44,30
248272,13,45,24
248272,14,46,29
248272,15,47,24
248272,16,48,16
248272,17,49,13
248272,18,50,16
248272,19,51,24
248272,20,52,25
262384,0,1,11
262384,1,2,20
262384,2,3,14
262384,3,4,13
262384,4,5,17
262384,5,6,16
262384,6,7,5
262384,7,39,3
262384,8,40,9
262384,9,41,7
262384,10,42,13
262384,11,43,14
262384,12,44,19
262384,13,45,7
262384,14,46,15
262384,15,47,17
262384,16,48,17
262384,17,49,16
262384,18,50,19
262384,19,51,18
262384,20,52,21
267478,0,1,6
267478,1,2,9
267478,2,3,4
267478,3,4,6
267478,4,5,13
267478,5,6,11
267478,6,7,4
267478,7,39,11
267478,8,40,44
267478,9,41,23
267478,10,42,9
267478,11,43,4
267478,12,44,12
267478,13,45,5
267478,14,46,5
267478,15,47,13
267478,16,48,12
267478,17,49,0
267478,18,50,0
267478,19,51,5
267478,20,52,10
267496,0,1,10
267496,1,2,10
267496,2,3,10
267496,3,4,11
267496,4,5,15
267496,5,6,5
267496,6,7,4
267496,7,44,7
267496,8,45,15
267496,9,46,2
267496,10,47,11
267496,11,48,11
267496,12,49,15
267496,13,50,10
267496,14,51,9
267496,15,52,8
370195,0,1,57
370195,1,2,34
370195,2,3,29
370195,3,4,37
370195,4,5,56
370195,5,6,52
370195,6,7,13
370195,7,39,20
370195,8,40,35
370195,9,41,26
370195,10,42,48
370195,11,43,41
370195,12,44,44
370195,13,45,63
370195,14,46,20
370195,15,47,48
370195,16,48,56
370195,17,49,90
370195,18,50,47
370195,19,51,96
370195,20,52,67
371104,0,1,10
371104,1,2,16
371104,2,3,8
371104,3,4,7
371104,4,5,6
371104,5,6,21
371104,6,7,4
371104,7,39,4
371104,8,40,6
371104,9,41,6
371104,10,42,12
371104,11,43,11
371104,12,44,4
371104,13,45,6
371104,14,46,11
371104,15,47,5
371104,16,48,24
371104,17,49,9
371104,18,50,23
371104,19,51,7
371104,20,52,4
371239,0,1,16
371239,1,2,16
371239,2,3,9
371239,3,4,14
371239,4,5,16
371239,5,6,9
371239,6,7,4
371239,7,39,11
371239,8,40,10
371239,9,41,8
371239,10,42,6
371239,11,43,19
371239,12,44,9
371239,13,45,6
371239,14,46,13
371239,15,47,3
371239,16,48,21
371239,17,49,17
371239,18,50,13
371239,19,51,27
371239,20,52,72
379249,0,1,48
379249,1,2,45
379249,2,3,73
379249,3,4,126
379249,4,5,84
379249,5,6,12
379249,6,7,46
379249,7,39,7
379249,8,40,26
379249,9,41,35
379249,10,42,30
379249,11,43,35
379249,12,44,35
379249,13,45,29
379249,14,46,43
379249,15,47,38
379249,16,48,53
379249,17,49,49
379249,18,50,54
379249,19,51,106
379249,20,52,157
397213,0,1,23
397213,1,2,27
397213,2,3,24
397213,3,4,27
397213,4,5,20
397213,5,6,22
397213,6,7,6
397213,7,39,10
397213,8,40,6
397213,9,41,26
397213,10,42,1
397213,11,43,9
397213,12,44,49
397213,13,45,18
397213,14,46,9
397213,15,47,7
397213,16,48,12
397213,17,49,3
397213,18,50,19
397213,19,51,11
397213,20,52,26
399220,0,1,16
399220,1,2,25
399220,2,3,17
399220,3,4,16
399220,4,5,30
399220,5,6,37
399220,6,7,14
399220,7,39,6
399220,8,40,23
399220,9,41,17
399220,10,42,20
399220,11,43,26
399220,12,44,19
399220,13,45,19
399220,14,46,13
399220,15,47,28
399220,16,48,35
399220,17,49,31
399220,18,50,58
399220,19,51,91
399220,20,52,96
416212,0,1,7
416212,1,2,7
416212,2,3,9
416212,3,4,12
416212,4,5,12
416212,5,6,16
416212,6,7,2
416212,7,39,5
416212,8,40,4
416212,9,41,3
416212,10,42,10
416212,11,43,8
416212,12,44,6
416212,13,45,4
416212,14,46,10
416212,15,47,9
416212,16,48,13
416212,17,49,10
416212,18,50,3
416212,19,51,4
416212,20,52,9
687616,0,1,22
687616,1,2,15
687616,2,3,9
687616,3,4,13
687616,4,5,18
687616,5,6,14
687616,6,7,13
687616,7,39,15
687616,8,40,15
687616,9,41,10
687616,10,42,0
687616,11,43,0
687616,12,44,0
687616,13,45,7
687616,14,46,10
687616,15,47,22
687616,16,48,19
687616,17,49,23
687616,18,50,23
687616,19,51,25
687616,20,52,15
731104,0,1,23
731104,1,2,10
731104,2,3,10
731104,3,4,0
731104,4,5,24
731104,5,39,7
731104,6,40,25
731104,7,41,14
731104,8,42,9
731104,9,43,12
731104,10,44,23
731104,11,45,10
731104,12,46,29
731104,13,47,7
731104,14,48,27
731104,15,49,9
731104,16,50,23
731104,17,51,19
731104,18,52,28
745945,0,1,12
745945,1,2,16
745945,2,3,15
745945,3,4,10
745945,4,5,7
745945,5,6,16
745945,6,7,5
745945,7,39,5
745945,8,40,15
745945,9,41,2
745945,10,42,2
745945,11,43,45
745945,12,44,39
745945,13,45,47
745945,14,46,25
745945,15,47,21
745945,16,48,9
745945,17,49,6
745945,18,50,9
745945,19,51,21
745945,20,52,18
753613,0,1,43
753613,1,2,59
753613,2,3,121
753613,3,4,104
753613,4,5,36
753613,5,6,129
753613,6,7,112
753613,7,39,5
753613,8,40,32
753613,9,41,11
753613,10,42,12
753613,11,43,19
753613,12,44,40
753613,13,45,34
753613,14,46,10
753613,15,47,36
753613,16,48,32
753613,17,49,5
753613,18,50,25
753613,19,51,17
753613,20,52,36
755584,0,1,53
755584,1,2,66
755584,2,3,95
755584,3,4,62
755584,4,5,57
755584,5,6,54
755584,6,7,10
755584,7,39,9
755584,8,40,31
755584,9,41,13
755584,10,42,13
755584,11,43,78
755584,12,44,27
755584,13,45,30
755584,14,46,73
755584,15,47,35
755584,16,48,51
755584,17,49,20
755584,18,50,20
755584,19,51,28
755584,20,52,26
815101,0,1,22
815101,1,2,21
815101,2,3,30
815101,3,4,31
815101,4,5,16
815101,5,6,21
815101,6,7,6
815101,7,39,15
815101,8,40,26
815101,9,41,21
815101,10,42,31
815101,11,43,31
815101,12,44,18
815101,13,45,22
815101,14,46,21
815101,15,47,40
815101,16,48,25
815101,17,49,44
815101,18,50,39
815101,19,51,32
815101,20,52,25
836125,0,1,23
836125,1,2,31
836125,2,3,24
836125,3,4,74
836125,4,5,113
836125,5,6,33
836125,6,7,21
836125,7,39,11
836125,8,40,42
836125,9,41,19
836125,10,42,23
836125,11,43,29
836125,12,44,42
836125,13,45,48
836125,14,46,59
836125,15,47,32
836125,16,48,39
836125,17,49,34
836125,18,50,29
836125,19,51,32
836125,20,52,32
836152,0,1,20
836152,1,2,32
836152,2,3,20
836152,3,4,10
836152,4,5,11
836152,5,6,21
836152,6,7,34
836152,7,39,9
836152,8,40,22
836152,9,41,10
836152,10,42,12
836152,11,43,18
836152,12,44,16
836152,13,45,16
836152,14,46,18
836152,15,47,12
836152,16,48,44
836152,17,49,37
836152,18,50,17
836152,19,51,11
836152,20,52,20
836584,0,1,271
836584,1,2,38
836584,2,3,0
836584,3,4,118
836584,4,5,242
836584,5,39,83
836584,6,40,70
836584,7,41,143
836584,8,42,88
836584,9,43,124
836584,10,44,163
836584,11,45,123
836584,12,46,123
836584,13,47,296
836584,14,48,162
836584,15,49,112
836584,16,50,150
836584,17,51,101
836584,18,52,129
837943,0,1,63
837943,1,2,55
837943,2,3,112
837943,3,4,88
837943,4,5,95
837943,5,6,78
837943,6,7,73
837943,7,39,40
837943,8,40,85
837943,9,41,50
837943,10,42,80
837943,11,43,102
837943,12,44,89
837943,13,45,79
837943,14,46,107
837943,15,47,102
837943,16,48,94
837943,17,49,96
837943,18,50,84
837943,19,51,89
837943,20,52,88
838456,0,1,19
838456,1,2,23
838456,2,3,17
838456,3,4,13
838456,4,5,14
838456,5,6,13
838456,6,7,14
838456,7,39,5
838456,8,40,11
838456,9,41,13
838456,10,42,8
838456,11,43,16
838456,12,44,11
838456,13,45,13
838456,14,46,18
838456,15,47,17
838456,16,48,21
838456,17,49,18
838456,18,50,18
838456,19,51,24
838456,20,52,25
839356,0,1,68
839356,1,2,35
839356,2,3,148
839356,3,4,94
839356,4,5,73
839356,5,6,92
839356,6,7,40
839356,7,39,6
839356,8,40,21
839356,9,41,30
839356,10,42,53
839356,11,43,89
839356,12,44,18
839356,13,45,57
839356,14,46,38
839356,15,47,28
839356,16,48,13
839356,17,49,46
839356,18,50,33
839356,19,51,32
839356,20,52,25
839374,0,1,107
839374,1,2,55
839374,2,3,48
839374,3,4,35
839374,4,5,47
839374,5,6,63
839374,6,7,41
839374,7,39,30
839374,8,40,13
839374,9,41,25
839374,10,42,13
839374,11,43,78
839374,12,44,38
839374,13,45,19
839374,14,46,14
839374,15,47,37
839374,16,48,28
839374,17,49,20
839374,18,50,50
839374,19,51,27
839374,20,52,57
858886,0,1,15
858886,1,2,10
858886,2,3,18
858886,3,4,6
858886,4,5,9
858886,5,6,9
858886,6,7,3
858886,7,39,5
858886,8,40,10
858886,9,41,16
858886,10,42,7
858886,11,43,14
858886,12,44,9
858886,13,45,4
858886,14,46,8
858886,15,47,8
858886,16,48,19
858886,17,49,3
858886,18,50,11
858886,19,51,11
858886,20,52,5
865933,0,1,10
865933,1,2,24
865933,2,3,11
865933,3,4,13
865933,4,5,23
865933,5,6,21
865933,6,7,9
865933,7,39,24
865933,8,40,40
865933,9,41,36
865933,10,42,31
865933,11,43,61
865933,12,44,29
865933,13,45,14
865933,14,46,5
865933,15,47,13
865933,16,48,25
865933,17,49,25
865933,18,50,28
865933,19,51,16
865933,20,52,11
872260,0,1,51
872260,1,2,36
872260,2,3,10
872260,3,4,11
872260,4,5,4
872260,5,6,12
872260,6,7,8
872260,7,39,4
872260,8,40,17
872260,9,41,11
872260,10,42,22
872260,11,43,15
872260,12,44,11
872260,13,45,10
872260,14,46,7
872260,15,47,15
872260,16,48,4
872260,17,49,17
872260,18,50,14
872260,19,51,11
872260,20,52,21
877624,0,1,30
877624,1,2,25
877624,2,3,25
877624,3,4,30
877624,4,5,30
877624,5,6,22
877624,6,7,19
877624,7,39,7
877624,8,40,47
877624,9,41,16
877624,10,42,20
877624,11,43,33
877624,12,44,31
877624,13,45,21
877624,14,46,21
877624,15,47,25
877624,16,48,32
877624,17,49,39
877624,18,50,12
877624,19,51,34
877624,20,52,69
893824,0,1,47
893824,1,2,55
893824,2,3,29
893824,3,4,63
893824,4,5,24
893824,5,6,27
893824,6,7,2
893824,7,41,24
893824,8,42,23
893824,9,43,101
893824,10,44,69
893824,11,45,66
893824,12,46,38
893824,13,47,48
893824,14,48,50
893824,15,49,39
893824,16,50,21
893824,17,51,24
893824,18,52,23
903976,0,1,17
903976,1,2,22
903976,2,3,34
903976,3,4,19
903976,4,5,33
903976,5,6,31
903976,6,7,12
903976,7,39,41
903976,8,40,7
903976,9,41,0
903976,10,42,11
903976,11,43,28
903976,12,44,16
903976,13,45,20
903976,14,46,28
903976,15,47,25
903976,16,48,33
903976,17,49,19
903976,18,50,21
903976,19,51,8
903976,20,52,19
904984,0,1,9
904984,1,2,11
904984,2,3,17
904984,3,4,0
904984,4,5,9
904984,5,6,9
904984,6,7,10
904984,7,39,2
904984,8,40,5
904984,9,41,8
904984,10,42,1
904984,11,43,0
904984,12,44,0
904984,13,45,5
904984,14,46,3
904984,15,47,12
904984,16,48,11
904984,17,49,6
904984,18,50,16
904984,19,51,3
904984,20,52,3
906586,0,1,7
906586,1,2,10
906586,2,3,12
906586,3,4,14
906586,4,5,10
906586,5,6,6
906586,6,7,2
906586,7,39,2
906586,8,40,1
906586,9,41,6
906586,10,42,8
906586,11,43,10
906586,12,44,11
906586,13,45,10
906586,14,46,7
906586,15,47,12
906586,16,48,12
906586,17,49,6
906586,18,50,14
906586,19,51,10
906586,20,52,13
906595,0,1,7
906595,1,2,9
906595,2,3,7
906595,3,4,13
906595,4,5,14
906595,5,6,7
906595,6,7,9
906595,7,39,2
906595,8,40,5
906595,9,41,11
906595,10,42,6
906595,11,43,0
906595,12,44,7
906595,13,45,10
906595,14,46,10
906595,15,47,9
906595,16,48,9
906595,17,49,7
906595,18,50,11
906595,19,51,17
906595,20,52,15
913561,0,1,2
913561,1,2,10
913561,2,3,8
913561,3,4,3
913561,4,5,7
913561,5,6,15
913561,6,7,1
913561,7,39,3
913561,8,40,11
913561,9,41,8
913561,10,42,6
913561,11,43,12
913561,12,44,10
913561,13,45,15
913561,14,46,10
913561,15,47,7
913561,16,48,10
913561,17,49,15
913561,18,50,11
913561,19,51,5
913561,20,52,7
999403,0,1,34
999403,1,2,13
999403,2,3,36
999403,3,4,38
999403,4,5,16
999403,5,6,16
999403,6,7,4
999403,7,39,2
999403,8,40,5
999403,9,41,5
999403,10,42,3
999403,11,43,11
999403,12,44,14
999403,13,45,15
999403,14,46,8
999403,15,47,10
999403,16,48,6
999403,17,49,6
999403,18,50,18
999403,19,51,14
999403,20,52,33
1003147,0,1,115
1003147,1,2,212
1003147,2,3,25
1003147,3,4,122
1003147,4,5,201
1003147,5,6,36
1003147,6,39,25
1003147,7,40,54
1003147,8,41,43
1003147,9,42,151
1003147,10,43,47
1003147,11,44,57
1003147,12,45,60
1003147,13,46,79
1003147,14,47,79
1003147,15,48,17
1003147,16,49,39
1003147,17,50,49
1003147,18,51,72
1003147,19,52,64
1003156,0,1,127
1003156,1,2,112
1003156,2,3,182
1003156,3,4,166
1003156,4,5,12
1003156,5,6,60
1003156,6,39,24
1003156,7,40,65
1003156,8,41,39
1003156,9,42,44
1003156,10,43,63
1003156,11,44,56
1003156,12,45,89
1003156,13,46,34
1003156,14,47,67
1003156,15,48,55
1003156,16,49,56
1003156,17,50,89
1003156,18,51,142
1003156,19,52,148
1003183,0,1,23
1003183,1,2,11
1003183,2,3,31
1003183,3,4,50
1003183,4,5,19
1003183,5,6,37
1003183,6,7,46
1003183,7,39,6
1003183,8,40,18
1003183,9,41,20
1003183,10,42,19
1003183,11,43,11
1003183,12,44,4
1003183,13,45,15
1003183,14,46,6
1003183,15,47,30
1003183,16,48,6
1003183,17,49,15
1003183,18,50,6
1003183,19,51,2
1003183,20,52,20
1003192,0,1,28
1003192,1,2,42
1003192,2,3,47
1003192,3,4,48
1003192,4,5,32
1003192,5,6,77
1003192,6,7,19
1003192,7,39,7
1003192,8,40,14
1003192,9,41,22
1003192,10,42,5
1003192,11,43,8
1003192,12,44,8
1003192,13,45,25
1003192,14,46,24
1003192,15,47,24
1003192,16,48,26
1003192,17,49,11
1003192,18,50,16
1003192,19,51,34
1003192,20,52,28
1006009,0,1,2
1006009,1,2,1
1006009,2,3,3
1006009,3,4,8
1006009,4,5,4
1006009,5,6,3
1006009,6,39,8
1006009,7,40,22
1006009,8,41,23
1006009,9,42,9
1006009,10,43,13
1006009,11,44,5
1006009,12,45,4
1006009,13,46,6
1006009,14,47,7
1006009,15,48,4
1006009,16,49,3
1006009,17,50,7
1006009,18,51,7
1006009,19,52,4
1006090,0,1,8
1006090,1,2,19
1006090,2,3,36
1006090,3,4,29
1006090,4,5,15
1006090,5,6,21
1006090,6,7,11
1006090,7,39,2
1006090,8,40,6
1006090,9,41,14
1006090,10,42,9
1006090,11,43,14
1006090,12,44,16
1006090,13,45,16
1006090,14,46,19
1006090,15,47,12
1006090,16,48,15
1006090,17,49,19
1006090,18,50,33
1006090,19,51,19
1006090,20,52,38
1006099,0,1,2
1006099,1,2,14
1006099,2,3,23
1006099,3,4,11
1006099,4,5,24
1006099,5,6,13
1006099,6,7,7
1006099,7,39,4
1006099,8,40,3
1006099,9,41,3
1006099,10,42,4
1006099,11,43,5
1006099,12,44,4
1006099,13,45,21
1006099,14,46,2
1006099,15,47,6
1006099,16,48,2
1006099,17,49,8
1006099,18,50,4
1006099,19,51,5
1006099,20,52,4
1006108,0,1,109
1006108,1,2,77
1006108,2,3,8
1006108,3,4,12
1006108,4,5,23
1006108,5,6,12
1006108,6,7,20
1006108,7,39,2
1006108,8,40,10
1006108,9,41,7
1006108,10,42,2
1006108,11,43,6
1006108,12,44,4
1006108,13,45,11
1006108,14,46,9
1006108,15,47,17
1006108,16,48,34
1006108,17,49,5
1006108,18,50,7
1006108,19,51,15
1006108,20,52,4
1010068,0,1,13
1010068,1,2,2
1010068,2,3,6
1010068,3,4,7
1010068,4,5,4
1010068,5,6,16
1010068,6,7,5
1010068,7,39,7
1010068,8,40,20
1010068,9,41,12
1010068,10,42,11
1010068,11,43,19
1010068,12,44,18
1010068,13,45,16
1010068,14,46,11
1010068,15,47,14
1010068,16,48,64
1010068,17,49,60
1010068,18,50,3
1010068,19,51,12
1010068,20,52,13
1013335,0,1,14
1013335,1,2,17
1013335,2,3,18
1013335,3,4,14
1013335,4,5,7
1013335,5,6,11
1013335,6,7,5
1013335,7,39,6
1013335,8,40,10
1013335,9,41,12
1013335,10,42,8
1013335,11,43,15
1013335,12,44,6
1013335,13,45,5
1013335,14,46,9
1013335,15,47,7
1013335,16,48,6
1013335,17,49,3
1013335,18,50,6
1013335,19,51,6
1013335,20,52,12
1015621,0,1,4
1015621,1,2,7
1015621,2,3,9
1015621,3,4,10
1015621,4,5,5
1015621,5,6,17
1015621,6,7,5
1015621,7,39,2
1015621,8,40,5
1015621,9,41,3
1015621,10,42,5
1015621,11,43,2
1015621,12,44,1
1015621,13,45,2
1015621,14,46,3
1015621,15,47,7
1015621,16,48,1
1015621,17,49,9
1015621,18,50,3
1015621,19,51,11
1015621,20,52,2
1021264,0,1,9
1021264,1,2,8
1021264,2,3,21
1021264,3,4,11
1021264,4,5,17
1021264,5,6,7
1021264,6,7,3
1021264,7,39,4
1021264,8,40,9
1021264,9,41,13
1021264,10,42,5
1021264,11,43,6
1021264,12,44,10
1021264,13,45,5
1021264,14,46,14
1021264,15,47,8
1021264,16,48,9
1021264,17,49,24
1021264,18,50,22
1021264,19,51,1
1021264,20,52,45
1024810,0,1,20
1024810,1,2,36
1024810,2,3,0
1024810,3,4,121
1024810,4,5,86
1024810,5,6,21
1024810,6,7,83
1024810,7,39,18
1024810,8,40,59
1024810,9,41,49
1024810,10,42,34
1024810,11,43,38
1024810,12,44,66
1024810,13,45,55
1024810,14,46,50
1024810,15,47,53
1024810,16,48,75
1024810,17,49,85
1024810,18,50,113
1024810,19,51,113
1024810,20,52,96
1026871,0,1,4
1026871,1,2,8
1026871,2,3,16
1026871,3,4,14
1026871,4,5,10
1026871,5,6,11
1026871,6,7,1
1026871,7,39,4
1026871,8,40,13
1026871,9,41,17
1026871,10,42,13
1026871,11,43,20
1026871,12,44,9
1026871,13,45,14
1026871,14,46,10
1026871,15,47,13
1026871,16,48,9
1026871,17,49,10
1026871,18,50,8
1026871,19,51,9
1026871,20,52,1
1030948,0,1,5
1030948,1,2,3
1030948,2,3,6
1030948,3,4,10
1030948,4,5,5
1030948,5,6,5
1030948,6,7,9
1030948,7,40,2
1030948,8,41,7
1030948,9,42,6
1030948,10,43,12
1030948,11,44,4
1030948,12,45,9
1030948,13,46,1
1030948,14,47,5
1030948,15,48,5
1030948,16,49,7
1030948,17,50,9
1030948,18,51,5
1030948,19,52,6
1032532,0,1,122
1032532,1,2,93
1032532,2,3,159
1032532,3,4,108
1032532,4,5,163
1032532,5,6,153
1032532,6,7,44
1032532,7,39,44
1032532,8,40,53
1032532,9,41,54
1032532,10,42,70
1032532,11,43,73
1032532,12,44,138
1032532,13,45,101
1032532,14,46,73
1032532,15,47,73
1032532,16,48,74
1032532,17,49,186
1032532,18,50,89
1032532,19,51,129
1032532,20,52,103
1032541,0,1,100
1032541,1,2,75
1032541,2,3,267
1032541,3,4,144
1032541,4,5,244
1032541,5,6,165
1032541,6,7,34
1032541,7,39,129
1032541,8,40,60
1032541,9,41,44
1032541,10,42,65
1032541,11,43,56
1032541,12,44,197
1032541,13,45,257
1032541,14,46,52
1032541,15,47,47
1032541,16,48,68
1032541,17,49,166
1032541,18,50,61
1032541,19,51,97
1032541,20,52,122
1032550,0,1,33
1032550,1,2,12
1032550,2,3,11
1032550,3,4,8
1032550,4,5,24
1032550,5,6,13
1032550,6,7,5
1032550,7,39,74
1032550,8,40,16
1032550,9,41,9
1032550,10,42,18
1032550,11,43,8
1032550,12,44,11
1032550,13,45,24
1032550,14,46,3
1032550,15,47,6
1032550,16,48,7
1032550,17,49,11
1032550,18,50,5
1032550,19,51,12
1032550,20,52,12
1032559,0,1,20
1032559,1,2,27
1032559,2,3,25
1032559,3,4,16
1032559,4,5,22
1032559,5,6,16
1032559,6,7,10
1032559,7,39,9
1032559,8,40,17
1032559,9,41,18
1032559,10,42,9
1032559,11,43,3
1032559,12,44,12
1032559,13,45,13
1032559,14,46,9
1032559,15,47,10
1032559,16,48,13
1032559,17,49,16
1032559,18,50,25
1032559,19,51,39
1032559,20,52,19
1032568,0,1,6
1032568,1,2,17
1032568,2,3,10
1032568,3,4,8
1032568,4,5,6
1032568,5,6,3
1032568,6,7,1
1032568,7,39,123
1032568,8,40,10
1032568,9,41,10
1032568,10,42,4
1032568,11,43,11
1032568,12,44,8
1032568,13,45,7
1032568,14,46,10
1032568,15,47,6
1032568,16,48,10
1032568,17,49,6
1032568,18,50,4
1032568,19,51,10
1032568,20,52,9
1032586,0,1,19
1032586,1,2,24
1032586,2,3,31
1032586,3,4,21
1032586,4,5,28
1032586,5,6,19
1032586,6,7,15
1032586,7,39,9
1032586,8,40,21
1032586,9,41,17
1032586,10,42,16
1032586,11,43,11
1032586,12,44,28
1032586,13,45,13
1032586,14,46,12
1032586,15,47,12
1032586,16,48,33
1032586,17,49,19
1032586,18,50,20
1032586,19,51,18
1032586,20,52,16
1044502,0,1,19
1044502,1,2,11
1044502,2,3,5
1044502,3,4,8
1044502,4,5,15
1044502,5,6,18
1044502,6,7,7
1044502,7,39,6
1044502,8,40,30
1044502,9,41,13
1044502,10,42,23
1044502,11,43,22
1044502,12,44,12
1044502,13,45,17
1044502,14,46,11
1044502,15,47,12
1044502,16,48,22
1044502,17,49,14
1044502,18,50,11
1044502,19,51,17
1044502,20,52,20
1044610,0,1,14
1044610,1,2,17
1044610,2,3,13
1044610,3,4,5
1044610,4,5,10
1044610,5,6,4
1044610,6,7,4
1044610,7,39,2
1044610,8,40,6
1044610,9,41,13
1044610,10,42,8
1044610,11,43,13
1044610,12,44,8
1044610,13,45,3
1044610,14,46,6
1044610,15,47,14
1044610,16,48,12
1044610,17,49,14
1044610,18,50,24
1044610,19,51,12
1044610,20,52,24
1044619,0,1,43
1044619,1,2,29
1044619,2,3,42
1044619,3,4,36
1044619,4,5,36
1044619,5,6,45
1044619,6,7,18
1044619,7,39,14
1044619,8,40,52
1044619,9,41,52
1044619,10,42,21
1044619,11,43,25
1044619,12,44,61
1044619,13,45,13
1044619,14,46,31
1044619,15,47,39
1044619,16,48,40
1044619,17,49,35
1044619,18,50,36
1044619,19,51,53
1044619,20,52,55
1044682,0,1,46
1044682,1,2,52
1044682,2,3,45
1044682,3,4,54
1044682,4,5,33
1044682,5,6,34
1044682,6,7,6
1044682,7,39,18
1044682,8,40,45
1044682,9,41,42
1044682,10,42,21
1044682,11,43,42
1044682,12,44,41
1044682,13,45,23
1044682,14,46,64
1044682,15,47,46
1044682,16,48,45
1044682,17,49,71
1044682,18,50,59
1044682,19,51,45
1044682,20,52,30
1044691,0,1,25
1044691,1,2,25
1044691,2,3,17
1044691,3,4,12
1044691,4,5,23
1044691,5,6,23
1044691,6,7,27
1044691,7,39,5
1044691,8,40,13
1044691,9,41,16
1044691,10,42,11
1044691,11,43,20
1044691,12,44,13
1044691,13,45,12
1044691,14,46,22
1044691,15,47,28
1044691,16,48,27
1044691,17,49,23
1044691,18,50,15
1044691,19,51,8
1044691,20,52,22
1047130,0,1,36
1047130,1,2,52
1047130,2,3,68
1047130,3,4,71
1047130,4,5,58
1047130,5,6,75
1047130,6,7,36
1047130,7,39,22
1047130,8,40,41
1047130,9,41,28
1047130,10,42,49
1047130,11,43,76
1047130,12,44,61
1047130,13,45,55
1047130,14,46,50
1047130,15,47,75
1047130,16,48,54
1047130,17,49,37
1047130,18,50,72
1047130,19,51,56
1047130,20,52,66
1047967,0,1,128
1047967,1,2,171
1047967,2,3,80
1047967,3,4,102
1047967,4,5,111
1047967,5,6,104
1047967,6,7,39
1047967,7,39,184
1047967,8,40,106
1047967,9,41,118
1047967,10,42,113
1047967,11,43,82
1047967,12,44,94
1047967,13,45,130
1047967,14,46,174
1047967,15,47,87
1047967,16,48,138
1047967,17,49,86
1047967,18,50,95
1047967,19,51,114
1047967,20,52,82
1048975,0,1,19
1048975,1,2,14
1048975,2,3,15
1048975,3,4,40
1048975,4,5,64
1048975,5,6,35
1048975,6,7,14
1048975,7,39,2
1048975,8,40,4
1048975,9,41,5
1048975,10,42,4
1048975,11,43,12
1048975,12,44,8
1048975,13,45,5
1048975,14,46,25
1048975,15,47,6
1048975,16,48,23
1048975,17,49,14
1048975,18,50,8
1048975,19,51,17
1048975,20,52,13
1049776,0,1,1
1049776,1,2,18
1049776,2,3,34
1049776,3,4,32
1049776,4,5,29
1049776,5,6,27
1049776,6,7,18
1049776,7,39,9
1049776,8,40,15
1049776,9,41,10
1049776,10,42,12
1049776,11,43,16
1049776,12,44,12
1049776,13,45,18
1049776,14,46,17
1049776,15,47,28
1049776,16,48,35
1049776,17,49,35
1049776,18,50,42
1049776,19,51,51
1049776,20,52,19
1050046,0,1,53
1050046,1,2,23
1050046,2,3,42
1050046,3,4,13
1050046,4,5,22
1050046,5,6,16
1050046,6,7,8
1050046,7,39,8
1050046,8,40,9
1050046,9,41,12
1050046,10,42,16
1050046,11,43,22
1050046,12,44,17
1050046,13,45,11
1050046,14,46,37
1050046,15,47,32
1050046,16,48,19
1050046,17,49,69
1050046,18,50,30
1050046,19,51,19
1050046,20,52,39
1054978,0,1,49
1054978,1,2,72
1054978,2,3,51
1054978,3,4,54
1054978,4,5,60
1054978,5,6,48
1054978,6,7,53
1054978,7,39,22
1054978,8,40,60
1054978,9,41,77
1054978,10,42,63
1054978,11,43,38
1054978,12,44,62
1054978,13,45,39
1054978,14,46,41
1054978,15,47,75
1054978,16,48,42
1054978,17,49,49
1054978,18,50,42
1054978,19,51,34
1054978,20,52,25
1056463,0,1,39
1056463,1,2,43
1056463,2,3,57
1056463,3,4,72
1056463,4,5,116
1056463,5,6,33
1056463,6,7,13
1056463,7,39,9
1056463,8,40,21
1056463,9,41,25
1056463,10,42,37
1056463,11,43,37
1056463,12,44,63
1056463,13,45,39
1056463,14,46,29
1056463,15,47,30
1056463,16,48,66
1056463,17,49,22
1056463,18,50,38
1056463,19,51,46
1056463,20,52,118
1058713,0,1,41
1058713,1,2,41
1058713,2,3,46
1058713,3,4,37
1058713,4,5,51
1058713,5,6,69
1058713,6,7,40
1058713,7,39,36
1058713,8,40,30
1058713,9,41,27
1058713,10,42,23
1058713,11,43,40
1058713,12,44,34
1058713,13,45,30
1058713,14,46,40
1058713,15,47,27
1058713,16,48,43
1058713,17,49,41
1058713,18,50,60
1058713,19,51,57
1058713,20,52,38
1060630,0,1,33
1060630,1,2,18
1060630,2,3,20
1060630,3,4,24
1060630,4,5,30
1060630,5,6,22
1060630,6,7,9
1060630,7,39,33
1060630,8,40,49
1060630,9,41,38
1060630,10,42,45
1060630,11,43,39
1060630,12,44,46
1060630,13,45,40
1060630,14,46,34
1060630,15,47,43
1060630,16,48,33
1060630,17,49,25
1060630,18,50,49
1060630,19,51,21
1060630,20,52,33
1060909,0,1,79
1060909,1,2,128
1060909,2,3,71
1060909,3,4,67
1060909,4,5,0
1060909,5,6,179
1060909,6,7,25
1060909,7,39,13
1060909,8,40,110
1060909,9,41,17
1060909,10,42,60
1060909,11,43,56
1060909,12,44,33
1060909,13,45,102
1060909,14,46,66
1060909,15,47,62
1060909,16,48,61
1060909,17,49,66
1060909,18,50,32
1060909,19,51,90
1060909,20,52,81
1061341,0,1,69
1061341,1,2,12
1061341,2,3,17
1061341,3,4,17
1061341,4,5,8
1061341,5,39,18
1061341,6,40,62
1061341,7,41,44
1061341,8,42,54
1061341,9,43,25
1061341,10,44,72
1061341,11,45,50
1061341,12,46,29
1061341,13,47,45
1061341,14,48,29
1061341,15,49,40
1061341,16,50,43
1061341,17,51,67
1061341,18,52,37
1061638,0,1,25
1061638,1,2,0
1061638,2,3,42
1061638,3,39,24
1061638,4,40,90
1061638,5,41,71
1061638,6,42,153
1061638,7,43,65
1061638,8,44,51
1061638,9,45,25
1061638,10,46,21
1061638,11,47,71
1061638,12,48,62
1061638,13,49,34
1061638,14,50,69
1061638,15,51,70
1061638,16,52,80
1063600,0,1,20
1063600,1,2,8
1063600,2,3,18
1063600,3,4,13
1063600,4,5,5
1063600,5,6,10
1063600,6,7,13
1063600,7,39,11
1063600,8,40,10
1063600,9,41,14
1063600,10,42,4
1063600,11,43,14
1063600,12,44,7
1063600,13,45,11
1063600,14,46,8
1063600,15,47,17
1063600,16,48,7
1063600,17,49,9
1063600,18,50,9
1063600,19,51,14
1063600,20,52,9
1064473,0,1,37
1064473,1,2,44
1064473,2,3,88
1064473,3,4,64
1064473,4,5,29
1064473,5,6,22
1064473,6,7,22
1064473,7,39,28
1064473,8,40,39
1064473,9,41,37
1064473,10,42,31
1064473,11,43,58
1064473,12,44,40
1064473,13,45,40
1064473,14,46,48
1064473,15,47,29
1064473,16,48,45
1064473,17,49,27
1064473,18,50,37
1064473,19,51,27
1064473,20,52,30
1064572,0,1,7
1064572,1,2,6
1064572,2,3,6
1064572,3,4,4
1064572,4,5,5
1064572,5,6,8
1064572,6,7,4
1064572,7,39,5
1064572,8,40,7
1064572,9,41,6
1064572,10,42,7
1064572,11,43,14
1064572,12,44,16
1064572,13,45,14
1064572,14,46,15
1064572,15,47,6
1064572,16,48,13
1064572,17,49,6
1064572,18,50,8
1064572,19,51,17
1064572,20,52,20
1066570,0,1,55
1066570,1,2,22
1066570,2,3,26
1066570,3,4,12
1066570,4,5,0
1066570,5,6,33
1066570,6,7,24
1066570,7,39,36
1066570,8,40,120
1066570,9,41,92
1066570,10,42,76
1066570,11,43,135
1066570,12,44,99
1066570,13,45,56
1066570,14,46,116
1066570,15,47,91
1066570,16,48,36
1066570,17,49,33
1066570,18,50,57
1066570,19,51,47
1066570,20,52,85
1067074,0,1,20
1067074,1,2,26
1067074,2,3,10
1067074,3,4,48
1067074,4,5,38
1067074,5,6,74
1067074,6,7,14
1067074,7,39,18
1067074,8,40,38
1067074,9,41,27
1067074,10,42,39
1067074,11,43,29
1067074,12,44,32
1067074,13,45,34
1067074,14,46,81
1067074,15,47,22
1067074,16,48,29
1067074,17,49,31
1067074,18,50,36
1067074,19,51,30
1067074,20,52,28
1067092,0,1,99
1067092,1,2,72
1067092,2,3,87
1067092,3,4,90
1067092,4,5,148
1067092,5,6,76
1067092,6,7,67
1067092,7,39,74
1067092,8,40,135
1067092,9,41,63
1067092,10,42,95
1067092,11,43,141
1067092,12,44,204
1067092,13,45,111
1067092,14,46,90
1067092,15,47,142
1067092,16,48,88
1067092,17,49,71
1067092,18,50,118
1067092,19,51,70
1067092,20,52,96
1067119,0,1,41
1067119,1,2,32
1067119,2,3,30
1067119,3,4,21
1067119,4,5,31
1067119,5,6,34
1067119,6,7,17
1067119,7,39,18
1067119,8,40,27
1067119,9,41,27
1067119,10,42,23
1067119,11,43,22
1067119,12,44,42
1067119,13,45,22
1067119,14,46,14
1067119,15,47,21
1067119,16,48,17
1067119,17,49,24
1067119,18,50,12
1067119,19,51,26
1067119,20,52,24
1067128,0,1,6
1067128,1,2,7
1067128,2,3,12
1067128,3,4,9
1067128,4,5,12
1067128,5,6,10
1067128,6,7,4
1067128,7,40,11
1067128,8,41,8
1067128,9,42,17
1067128,10,43,13
1067128,11,44,3
1067128,12,45,5
1067128,13,46,5
1067128,14,47,3
1067128,15,48,8
1067128,16,49,7
1067128,17,50,10
1067128,18,51,10
1067128,19,52,24
1068883,0,1,4
1068883,1,2,1
1068883,2,3,2
1068883,3,4,10
1068883,4,5,8
1068883,5,6,11
1068883,6,7,3
1068883,7,40,3
1068883,8,41,3
1068883,9,42,1
1068883,10,43,1
1068883,11,44,5
1068883,12,45,3
1068883,13,46,4
1068883,14,47,4
1068883,15,48,9
1068883,16,49,9
1068883,17,50,4
1068883,18,51,6
1068883,19,52,7
1070818,0,1,4
1070818,1,2,1
1070818,2,3,11
1070818,3,4,6
1070818,4,5,8
1070818,5,6,5
1070818,6,7,4
1070818,7,39,5
1070818,8,40,8
1070818,9,41,4
1070818,10,42,16
1070818,11,43,12
1070818,12,44,15
1070818,13,45,9
1070818,14,46,16
1070818,15,47,19
1070818,16,48,7
1070818,17,49,4
1070818,18,50,6
1070818,19,51,10
1070818,20,52,18
1070836,0,1,10
1070836,1,2,9
1070836,2,3,10
1070836,3,4,26
1070836,4,5,22
1070836,5,6,15
1070836,6,7,13
1070836,7,39,8
1070836,8,40,30
1070836,9,41,25
1070836,10,42,12
1070836,11,43,26
1070836,12,44,27
1070836,13,45,17
1070836,14,46,15
1070836,15,47,20
1070836,16,48,36
1070836,17,49,12
1070836,18,50,7
1070836,19,51,16
1070836,20,52,9
1071106,0,1,20
1071106,1,2,19
1071106,2,3,18
1071106,3,4,26
1071106,4,5,12
1071106,5,6,19
1071106,6,7,10
1071106,7,39,9
1071106,8,40,22
1071106,9,41,22
1071106,10,42,16
1071106,11,43,44
1071106,12,44,25
1071106,13,45,35
1071106,14,46,20
1071106,15,47,38
1071106,16,48,26
1071106,17,49,14
1071106,18,50,38
1071106,19,51,25
1071106,20,52,23
1071115,0,1,2
1071115,1,2,5
1071115,2,3,4
1071115,3,4,10
1071115,4,5,19
1071115,5,6,9
1071115,6,7,6
1071115,7,39,7
1071115,8,40,11
1071115,9,41,20
1071115,10,42,4
1071115,11,43,16
1071115,12,44,10
1071115,13,45,13
1071115,14,46,14
1071115,15,47,10
1071115,16,48,15
1071115,17,49,6
1071115,18,50,5
1071115,19,51,1
1071115,20,52,11
1071124,0,1,3
1071124,1,2,16
1071124,2,3,10
1071124,3,4,11
1071124,4,5,5
1071124,5,6,2
1071124,6,7,2
1071124,7,39,11
1071124,8,40,10
1071124,9,41,7
1071124,10,42,18
1071124,11,43,13
1071124,12,44,30
1071124,13,45,14
1071124,14,46,15
1071124,15,47,15
1071124,16,48,13
1071124,17,49,14
1071124,18,50,7
1071124,19,51,10
1071124,20,52,11
1074823,0,1,36
1074823,1,2,59
1074823,2,3,0
1074823,3,4,9
1074823,4,5,79
1074823,5,6,0
1074823,6,7,4
1074823,7,39,60
1074823,8,40,227
1074823,9,41,365
1074823,10,42,398
1074823,11,43,303
1074823,12,44,121
1074823,13,45,345
1074823,14,46,365
1074823,15,47,393
1074823,16,48,42
1074823,17,49,48
1074823,18,50,0
1074823,19,51,48
1074823,20,52,0
1075651,0,1,11
1075651,1,2,6
1075651,2,3,1
1075651,3,4,7
1075651,4,5,17
1075651,5,6,18
1075651,6,7,5
1075651,7,40,5
1075651,8,41,2
1075651,9,42,4
1075651,10,43,4
1075651,11,44,7
1075651,12,45,13
1075651,13,46,5
1075651,14,47,11
1075651,15,48,14
1075651,16,49,15
1075651,17,50,13
1075651,18,51,23
1075651,19,52,17
1076920,0,1,7
1076920,1,2,3
1076920,2,3,4
1076920,3,4,7
1076920,4,5,3
1076920,5,6,8
1076920,6,7,4
1076920,7,39,4
1076920,8,40,19
1076920,9,41,9
1076920,10,42,13
1076920,11,43,10
1076920,12,44,9
1076920,13,45,12
1076920,14,46,13
1076920,15,47,9
1076920,16,48,9
1076920,17,49,9
1076920,18,50,14
1076920,19,51,17
1076920,20,52,7
1076929,0,1,3
1076929,1,2,3
1076929,2,3,7
1076929,3,4,10
1076929,4,5,6
1076929,5,6,6
1076929,6,7,7
1076929,7,39,2
1076929,8,40,4
1076929,9,41,7
1076929,10,42,6
1076929,11,43,3
1076929,12,44,5
1076929,13,45,5
1076929,14,46,5
1076929,15,47,2
1076929,16,48,1
1076929,17,49,3
1076929,18,50,8
1076929,19,51,59
1076929,20,52,63
1076938,0,1,4
1076938,1,2,2
1076938,2,3,79
1076938,3,4,56
1076938,4,5,2
1076938,5,6,0
1076938,6,7,1
1076938,7,39,6
1076938,8,40,8
1076938,9,41,4
1076938,10,42,4
1076938,11,43,9
1076938,12,44,17
1076938,13,45,6
1076938,14,46,7
1076938,15,47,7
1076938,16,48,10
1076938,17,49,5
1076938,18,50,53
1076938,19,51,1
1076938,20,52,11
1077118,0,1,16
1077118,1,2,18
1077118,2,3,28
1077118,3,4,34
1077118,4,5,46
1077118,5,6,13
1077118,6,7,29
1077118,7,39,7
1077118,8,40,10
1077118,9,41,7
1077118,10,42,0
1077118,11,43,0
1077118,12,44,0
1077118,13,45,0
1077118,14,46,0
1077118,15,47,0
1077118,16,48,0
1077118,17,49,10
1077118,18,50,24
1077118,19,51,17
1077118,20,52,17
1081060,0,1,50
1081060,1,2,16
1081060,2,3,38
1081060,3,4,46
1081060,4,5,23
1081060,5,6,25
1081060,6,7,9
1081060,7,39,52
1081060,8,40,83
1081060,9,41,62
1081060,10,42,62
1081060,11,43,32
1081060,12,44,84
1081060,13,45,96
1081060,14,46,81
1081060,15,47,93
1081060,16,48,67
1081060,17,49,36
1081060,18,50,49
1081060,19,51,40
1081060,20,52,30
1081069,0,1,17
1081069,1,2,10
1081069,2,3,21
1081069,3,4,24
1081069,4,5,17
1081069,5,6,9
1081069,6,7,5
1081069,7,39,12
1081069,8,40,14
1081069,9,41,26
1081069,10,42,12
1081069,11,43,8
1081069,12,44,17
1081069,13,45,19
1081069,14,46,18
1081069,15,47,8
1081069,16,48,15
1081069,17,49,14
1081069,18,50,13
1081069,19,51,15
1081069,20,52,13
1081078,0,1,16
1081078,1,2,15
1081078,2,3,11
1081078,3,4,5
1081078,4,5,2
1081078,5,6,11
1081078,6,7,7
1081078,7,39,8
1081078,8,40,11
1081078,9,41,6
1081078,10,42,12
1081078,11,43,17
1081078,12,44,19
1081078,13,45,8
1081078,14,46,22
1081078,15,47,3
1081078,16,48,21
1081078,17,49,21
1081078,18,50,8
1081078,19,51,13
1081078,20,52,11
1081087,0,1,6
1081087,1,2,0
1081087,2,3,8
1081087,3,4,28
1081087,4,5,0
1081087,5,6,0
1081087,6,7,4
1081087,7,40,11
1081087,8,41,14
1081087,9,42,28
1081087,10,43,19
1081087,11,44,35
1081087,12,45,24
1081087,13,46,31
1081087,14,47,51
1081087,15,48,42
1081087,16,49,13
1081087,17,50,37
1081087,18,51,16
1081087,19,52,21
1081321,0,1,32
1081321,1,2,22
1081321,2,3,2
1081321,3,4,0
1081321,4,5,0
1081321,5,6,6
1081321,6,7,14
1081321,7,39,7
1081321,8,40,27
1081321,9,41,26
1081321,10,42,19
1081321,11,43,7
1081321,12,44,17
1081321,13,45,18
1081321,14,46,9
1081321,15,47,16
1081321,16,48,12
1081321,17,49,20
1081321,18,50,15
1081321,19,51,26
1081321,20,52,18
1081339,0,1,11
1081339,1,2,3
1081339,2,3,4
1081339,3,4,0
1081339,4,5,0
1081339,5,6,3
1081339,6,7,6
1081339,7,40,20
1081339,8,41,0
1081339,9,42,3
1081339,10,43,23
1081339,11,44,9
1081339,12,45,29
1081339,13,46,14
1081339,14,47,18
1081339,15,48,14
1081339,16,49,15
1081339,17,50,32
1081339,18,51,36
1081339,19,52,19
1082743,0,1,24
1082743,1,2,9
1082743,2,3,75
1082743,3,4,60
1082743,4,5,0
1082743,5,6,83
1082743,6,39,5
1082743,7,40,6
1082743,8,41,12
1082743,9,42,4
1082743,10,43,4
1082743,11,44,2
1082743,12,45,9
1082743,13,46,12
1082743,14,47,8
1082743,15,48,16
1082743,16,49,13
1082743,17,50,9
1082743,18,51,15
1082743,19,52,24
1084498,0,1,23
1084498,1,2,31
1084498,2,3,25
1084498,3,4,23
1084498,4,5,37
1084498,5,6,7
1084498,6,7,8
1084498,7,39,15
1084498,8,40,25
1084498,9,41,33
1084498,10,42,0
1084498,11,43,16
1084498,12,44,18
1084498,13,45,15
1084498,14,46,31
1084498,15,47,35
1084498,16,48,42
1084498,17,49,25
1084498,18,50,24
1084498,19,51,27
1084498,20,52,28
1085749,0,1,9
1085749,1,2,17
1085749,2,3,14
1085749,3,4,11
1085749,4,5,22
1085749,5,6,12
1085749,6,7,8
1085749,7,39,2
1085749,8,40,2
1085749,9,41,8
1085749,10,42,14
1085749,11,43,9
1085749,12,44,7
1085749,13,45,2
1085749,14,46,9
1085749,15,47,10
1085749,16,48,9
1085749,17,49,5
1085749,18,50,25
1085749,19,51,16
1085749,20,52,8
1090024,0,1,20
1090024,1,2,29
1090024,2,3,17
1090024,3,4,33
1090024,4,5,46
1090024,5,6,64
1090024,6,7,43
1090024,7,39,12
1090024,8,40,22
1090024,9,41,13
1090024,10,42,24
1090024,11,43,17
1090024,12,44,14
1090024,13,45,10
1090024,14,46,20
1090024,15,47,21
1090024,16,48,10
1090024,17,49,14
1090024,18,50,13
1090024,19,51,9
1090024,20,52,8
1090105,0,1,10
1090105,1,2,6
1090105,2,3,4
1090105,3,4,2
1090105,4,5,6
1090105,5,6,5
1090105,6,7,3
1090105,7,39,2
1090105,8,40,5
1090105,9,41,8
1090105,10,42,8
1090105,11,43,2
1090105,12,44,8
1090105,13,45,5
1090105,14,46,2
1090105,15,47,8
1090105,16,48,7
1090105,17,49,5
1090105,18,50,7
1090105,19,51,3
1090105,20,52,8
1090114,0,1,4
1090114,1,2,10
1090114,2,3,2
1090114,3,4,6
1090114,4,5,8
1090114,5,6,10
1090114,6,7,1
1090114,7,39,2
1090114,8,40,5
1090114,9,41,6
1090114,10,42,5
1090114,11,43,2
1090114,12,44,9
1090114,13,45,3
1090114,14,46,1
1090114,15,47,4
1090114,16,48,10
1090114,17,49,4
1090114,18,50,2
1090114,19,51,2
1090114,20,52,9
1090240,0,1,140
1090240,1,2,80
1090240,2,3,8
1090240,3,4,7
1090240,4,5,8
1090240,5,6,12
1090240,6,7,3
1090240,7,39,8
1090240,8,40,23
1090240,9,41,29
1090240,10,42,12
1090240,11,43,24
1090240,12,44,19
1090240,13,45,21
1090240,14,46,29
1090240,15,47,17
1090240,16,48,28
1090240,17,49,131
1090240,18,50,44
1090240,19,51,27
1090240,20,52,15
1090249,0,1,44
1090249,1,39,13
1090249,2,40,9
1090249,3,41,9
1090249,4,42,10
1090249,5,43,11
1090249,6,44,13
1090249,7,45,27
1090249,8,46,50
1090249,9,47,25
1090249,10,48,18
1090249,11,49,13
1090249,12,50,6
1090249,13,51,31
1090249,14,52,23
1090258,0,1,7
1090258,1,2,72
1090258,2,3,38
1090258,3,4,18
1090258,4,5,19
1090258,5,6,35
1090258,6,7,3
1090258,7,39,3
1090258,8,40,6
1090258,9,41,6
1090258,10,42,5
1090258,11,43,79
1090258,12,44,44
1090258,13,45,2
1090258,14,46,4
1090258,15,47,8
1090258,16,48,92
1090258,17,49,21
1090258,18,50,1
1090258,19,51,6
1090258,20,52,7
1090276,0,1,4
1090276,1,2,6
1090276,2,3,2
1090276,3,4,11
1090276,4,5,7
1090276,5,6,13
1090276,6,39,4
1090276,7,40,24
1090276,8,41,15
1090276,9,42,5
1090276,10,43,18
1090276,11,44,7
1090276,12,45,16
1090276,13,46,16
1090276,14,47,11
1090276,15,48,9
1090276,16,49,5
1090276,17,50,4
1090276,18,51,11
1090276,19,52,12
1090294,0,1,2
1090294,1,2,10
1090294,2,3,17
1090294,3,4,9
1090294,4,5,14
1090294,5,6,11
1090294,6,7,9
1090294,7,40,11
1090294,8,41,8
1090294,9,42,5
1090294,10,43,0
1090294,11,44,0
1090294,12,45,0
1090294,13,46,14
1090294,14,47,6
1090294,15,48,11
1090294,16,49,10
1090294,17,50,5
1090294,18,51,11
1090294,19,52,6
1090303,0,1,4
1090303,1,2,14
1090303,2,3,16
1090303,3,4,9
1090303,4,5,7
1090303,5,6,11
1090303,6,7,10
1090303,7,39,3
1090303,8,40,6
1090303,9,41,10
1090303,10,42,7
1090303,11,43,6
1090303,12,44,5
1090303,13,45,0
1090303,14,46,0
1090303,15,47,3
1090303,16,48,8
1090303,17,49,6
1090303,18,50,7
1090303,19,51,13
1090303,20,52,8
1092184,0,1,13
1092184,1,2,20
1092184,2,3,19
1092184,3,4,21
1092184,4,5,28
1092184,5,6,22
1092184,6,7,6
1092184,7,39,7
1092184,8,40,15
1092184,9,41,16
1092184,10,42,12
1092184,11,43,25
1092184,12,44,16
1092184,13,45,8
1092184,14,46,10
1092184,15,47,14
1092184,16,48,38
1092184,17,49,23
1092184,18,50,10
1092184,19,51,28
1092184,20,52,30
1097143,0,1,117
1097143,1,2,52
1097143,2,3,42
1097143,3,4,63
1097143,4,5,77
1097143,5,6,74
1097143,6,7,42
1097143,7,40,30
1097143,8,41,30
1097143,9,42,10
1097143,10,43,12
1097143,11,44,40
1097143,12,45,9
1097143,13,46,23
1097143,14,47,33
1097143,15,48,22
1097143,16,49,32
1097143,17,50,20
1097143,18,51,38
1097143,19,52,63
1098493,0,1,10
1098493,1,2,14
1098493,2,3,7
1098493,3,4,13
1098493,4,5,11
1098493,5,6,7
1098493,6,7,2
1098493,7,39,6
1098493,8,40,7
1098493,9,41,6
1098493,10,42,11
1098493,11,43,7
1098493,12,44,12
1098493,13,45,8
1098493,14,46,6
1098493,15,47,8
1098493,16,48,5
1098493,17,49,9
1098493,18,50,8
1098493,19,51,8
1098493,20,52,19
1098502,0,1,6
1098502,1,2,2
1098502,2,3,10
1098502,3,4,9
1098502,4,5,10
1098502,5,6,5
1098502,6,7,1
1098502,7,39,3
1098502,8,40,8
1098502,9,41,7
1098502,10,42,4
1098502,11,43,9
1098502,12,44,3
1098502,13,45,9
1098502,14,46,3
1098502,15,47,9
1098502,16,48,9
1098502,17,49,4
1098502,18,50,5
1098502,19,51,5
1098502,20,52,6
1101553,0,1,21
1101553,1,2,8
1101553,2,3,2
1101553,3,4,1
1101553,4,5,5
1101553,5,6,1
1101553,6,39,4
1101553,7,40,11
1101553,8,41,10
1101553,9,42,5
1101553,10,43,3
1101553,11,44,5
1101553,12,45,9
1101553,13,46,5
1101553,14,47,6
1101553,15,48,3
1101553,16,49,16
1101553,17,50,17
1101553,18,51,5
1101553,19,52,6
1101562,0,1,6
1101562,1,2,14
1101562,2,3,13
1101562,3,4,2
1101562,4,5,6
1101562,5,6,7
1101562,6,7,4
1101562,7,39,6
1101562,8,40,9
1101562,9,41,8
1101562,10,42,10
1101562,11,43,19
1101562,12,44,4
1101562,13,45,13
1101562,14,46,9
1101562,15,47,10
1101562,16,48,0
1101562,17,49,7
1101562,18,50,27
1101562,19,51,31
1101562,20,52,12
1101571,0,1,1
1101571,1,2,57
1101571,2,3,56
1101571,3,4,8
1101571,4,5,7
1101571,5,6,17
1101571,6,7,12
1101571,7,39,2
1101571,8,40,7
1101571,9,41,18
1101571,10,42,7
1101571,11,43,6
1101571,12,44,7
1101571,13,45,3
1101571,14,46,8
1101571,15,47,4
1101571,16,48,3
1101571,17,49,2
1101571,18,50,2
1101571,19,51,81
1101571,20,52,88
1101661,0,1,31
1101661,1,2,53
1101661,2,3,65
1101661,3,4,39
1101661,4,5,53
1101661,5,6,27
1101661,6,7,44
1101661,7,39,5
1101661,8,40,22
1101661,9,41,26
1101661,10,42,14
1101661,11,43,41
1101661,12,44,23
1101661,13,45,14
1101661,14,46,45
1101661,15,47,38
1101661,16,48,27
1101661,17,49,26
1101661,18,50,57
1101661,19,51,27
1101661,20,52,31
1101769,0,1,5
1101769,1,2,7
1101769,2,3,20
1101769,3,4,32
1101769,4,5,20
1101769,5,6,33
1101769,6,7,15
1101769,7,39,8
1101769,8,40,3
1101769,9,41,0
1101769,10,42,0
1101769,11,43,18
1101769,12,44,20
1101769,13,45,22
1101769,14,46,17
1101769,15,47,14
1101769,16,48,1
1101769,17,49,0
1101769,18,50,2
1101769,19,51,0
1101769,20,52,0
1103056,0,1,16
1103056,1,2,16
1103056,2,3,15
1103056,3,4,13
1103056,4,5,18
1103056,5,6,10
1103056,6,7,3
1103056,7,41,8
1103056,8,42,12
1103056,9,43,28
1103056,10,44,27
1103056,11,45,20
1103056,12,46,17
1103056,13,47,24
1103056,14,48,19
1103056,15,49,12
1103056,16,50,7
1103056,17,51,18
1103056,18,52,14
1105009,0,1,6
1105009,1,2,6
1105009,2,3,7
1105009,3,4,5
1105009,4,5,9
1105009,5,6,11
1105009,6,7,4
1105009,7,42,5
1105009,8,43,5
1105009,9,44,10
1105009,10,45,17
1105009,11,46,17
1105009,12,47,4
1105009,13,48,6
1105009,14,49,9
1105009,15,50,4
1105009,16,51,7
1105009,17,52,3
1105018,0,1,4
1105018,1,2,10
1105018,2,3,10
1105018,3,4,13
1105018,4,5,3
1105018,5,6,6
1105018,6,7,2
1105018,7,43,3
1105018,8,44,6
1105018,9,45,11
1105018,10,46,4
1105018,11,47,7
1105018,12,48,8
1105018,13,49,6
1105018,14,50,7
1105018,15,51,10
1105018,16,52,15
1105027,0,1,12
1105027,1,2,6
1105027,2,3,5
1105027,3,4,8
1105027,4,5,7
1105027,5,6,14
1105027,6,7,6
1105027,7,43,3
1105027,8,44,11
1105027,9,45,10
1105027,10,46,7
1105027,11,47,16
1105027,12,48,13
1105027,13,49,10
1105027,14,50,12
1105027,15,51,7
1105027,16,52,12
