,ItemCode,WoYY,DailySales
0,3418,2021-39,29
1,3418,2021-40,42
2,3418,2021-41,41
3,3418,2021-42,41
4,3418,2021-43,44
5,3418,2021-44,46
6,3418,2021-45,43
7,3418,2021-46,49
8,3418,2021-47,54
9,3418,2021-48,69
10,3418,2021-49,101
11,3418,2021-50,73
12,3418,2021-51,75
13,3418,2021-52,39
14,3418,2022-1,83
15,3418,2022-2,85
16,3418,2022-3,89
17,3418,2022-4,67
18,3418,2022-5,109
19,3418,2022-52,17
20,3418,2022-6,72
21,3427,2021-39,11
22,3427,2021-40,40
23,3427,2021-41,20
24,3427,2021-42,48
25,3427,2021-43,54
26,3427,2021-44,28
27,3427,2021-45,36
28,3427,2021-46,52
29,3427,2021-47,42
30,3427,2021-48,57
31,3427,2021-49,46
32,3427,2021-50,45
33,3427,2021-51,78
34,3427,2021-52,32
35,3427,2022-1,66
36,3427,2022-2,32
37,3427,2022-3,34
38,3427,2022-4,29
39,3427,2022-5,58
40,3427,2022-52,7
41,3427,2022-6,35
42,7666,2021-39,84
43,7666,2021-40,119
44,7666,2021-41,196
45,7666,2021-42,185
46,7666,2021-43,94
47,7666,2021-44,15
48,7666,2021-45,10
49,7666,2021-46,30
50,7666,2021-47,79
51,7666,2021-48,82
52,7666,2021-49,141
53,7666,2021-50,219
54,7666,2021-51,125
55,7666,2021-52,82
56,7666,2022-1,15
57,7666,2022-2,26
58,7666,2022-3,28
59,7666,2022-4,38
60,7666,2022-5,41
61,7666,2022-52,25
62,7666,2022-6,39
63,9925,2021-39,1
64,9925,2021-40,9
65,9925,2021-41,11
66,9925,2021-42,13
67,9925,2021-43,5
68,9925,2021-44,11
69,9925,2021-45,11
70,9925,2021-46,13
71,9925,2021-47,12
72,9925,2021-48,10
73,9925,2021-49,21
74,9925,2021-50,15
75,9925,2021-51,17
76,9925,2021-52,16
77,9925,2022-1,8
78,9925,2022-2,9
79,9925,2022-3,14
80,9925,2022-4,10
81,9925,2022-5,8
82,9925,2022-52,3
83,9925,2022-6,21
84,16936,2021-39,9
85,16936,2021-40,25
86,16936,2021-41,40
87,16936,2021-42,31
88,16936,2021-43,21
89,16936,2021-44,43
90,16936,2021-45,7
91,16936,2021-46,34
92,16936,2021-47,151
93,16936,2021-48,32
94,16936,2021-49,28
95,16936,2021-50,25
96,16936,2021-51,49
97,16936,2021-52,27
98,16936,2022-1,74
99,16936,2022-2,66
100,16936,2022-3,43
101,16936,2022-4,66
102,16936,2022-5,48
103,16936,2022-52,13
104,16936,2022-6,71
105,17287,2021-39,2
106,17287,2021-40,16
107,17287,2021-41,6
108,17287,2021-42,10
109,17287,2021-43,21
110,17287,2021-44,21
111,17287,2021-45,12
112,17287,2021-46,20
113,17287,2021-47,10
114,17287,2021-48,24
115,17287,2021-49,23
116,17287,2021-50,6
117,17287,2021-51,18
118,17287,2021-52,15
119,17287,2022-1,21
120,17287,2022-2,17
121,17287,2022-3,28
122,17287,2022-4,82
123,17287,2022-5,14
124,17287,2022-52,6
125,17287,2022-6,23
126,17296,2021-39,115
127,17296,2021-40,274
128,17296,2021-41,438
129,17296,2021-42,276
130,17296,2021-43,485
131,17296,2021-44,578
132,17296,2021-45,643
133,17296,2021-46,540
134,17296,2021-47,580
135,17296,2021-48,435
136,17296,2021-49,595
137,17296,2021-50,569
138,17296,2021-51,434
139,17296,2021-52,305
140,17296,2022-1,621
141,17296,2022-2,503
142,17296,2022-3,909
143,17296,2022-4,301
144,17296,2022-5,574
145,17296,2022-52,176
146,17296,2022-6,331
147,20824,2021-39,53
148,20824,2021-40,144
149,20824,2021-41,123
150,20824,2021-42,112
151,20824,2021-43,103
152,20824,2021-44,163
153,20824,2021-45,284
154,20824,2021-46,140
155,20824,2021-47,134
156,20824,2021-48,115
157,20824,2021-49,122
158,20824,2021-50,103
159,20824,2021-51,119
160,20824,2021-52,84
161,20824,2022-1,91
162,20824,2022-2,126
163,20824,2022-3,94
164,20824,2022-4,122
165,20824,2022-5,136
166,20824,2022-52,32
167,20824,2022-6,136
168,23200,2021-39,8
169,23200,2021-40,7
170,23200,2021-41,33
171,23200,2021-42,7
172,23200,2021-43,64
173,23200,2021-44,80
174,23200,2021-45,61
175,23200,2021-46,30
176,23200,2021-47,108
177,23200,2021-48,163
178,23200,2021-49,195
179,23200,2021-50,149
180,23200,2021-51,73
181,23200,2021-52,89
182,23200,2022-1,0
183,23200,2022-2,0
184,23200,2022-3,0
185,23200,2022-4,0
186,23200,2022-5,0
187,23200,2022-52,6
188,23200,2022-6,22
189,23569,2021-39,15
190,23569,2021-40,13
191,23569,2021-41,3
192,23569,2021-42,11
193,23569,2021-43,10
194,23569,2021-44,30
195,23569,2021-45,52
196,23569,2021-46,35
197,23569,2021-47,21
198,23569,2021-48,29
199,23569,2021-49,11
200,23569,2021-50,21
201,23569,2021-51,16
202,23569,2021-52,16
203,23569,2022-1,15
204,23569,2022-2,20
205,23569,2022-3,23
206,23569,2022-4,24
207,23569,2022-5,18
208,23569,2022-52,0
209,23569,2022-6,16
210,24136,2021-39,17
211,24136,2021-40,25
212,24136,2021-41,45
213,24136,2021-42,130
214,24136,2021-43,36
215,24136,2021-44,33
216,24136,2021-45,17
217,24136,2021-46,7
218,24136,2021-47,22
219,24136,2021-48,25
220,24136,2021-49,23
221,24136,2021-50,16
222,24136,2021-51,31
223,24136,2021-52,22
224,24136,2022-1,31
225,24136,2022-2,27
226,24136,2022-3,55
227,24136,2022-4,33
228,24136,2022-5,16
229,24136,2022-52,3
230,24136,2022-6,26
231,30877,2021-39,21
232,30877,2021-40,70
233,30877,2021-41,41
234,30877,2021-42,51
235,30877,2021-43,64
236,30877,2021-44,72
237,30877,2021-45,131
238,30877,2021-46,50
239,30877,2021-47,61
240,30877,2021-48,98
241,30877,2021-49,103
242,30877,2021-50,44
243,30877,2021-51,68
244,30877,2021-52,43
245,30877,2022-1,44
246,30877,2022-2,64
247,30877,2022-3,114
248,30877,2022-4,107
249,30877,2022-5,71
250,30877,2022-52,7
251,30877,2022-6,92
252,32245,2021-39,26
253,32245,2021-40,41
254,32245,2021-41,24
255,32245,2021-42,45
256,32245,2021-43,28
257,32245,2021-44,27
258,32245,2021-45,29
259,32245,2021-46,40
260,32245,2021-47,29
261,32245,2021-48,46
262,32245,2021-49,38
263,32245,2021-50,18
264,32245,2021-51,53
265,32245,2021-52,24
266,32245,2022-1,78
267,32245,2022-2,30
268,32245,2022-3,51
269,32245,2022-4,51
270,32245,2022-5,51
271,32245,2022-52,5
272,32245,2022-6,51
273,35449,2021-39,2
274,35449,2021-40,1
275,35449,2021-41,3
276,35449,2021-42,6
277,35449,2021-43,6
278,35449,2021-44,5
279,35449,2021-45,7
280,35449,2021-46,5
281,35449,2021-47,18
282,35449,2021-48,11
283,35449,2021-49,27
284,35449,2021-50,17
285,35449,2021-51,20
286,35449,2021-52,1
287,35449,2022-1,14
288,35449,2022-2,15
289,35449,2022-3,11
290,35449,2022-4,16
291,35449,2022-5,23
292,35449,2022-52,0
293,35449,2022-6,29
294,35530,2021-39,2
295,35530,2021-40,21
296,35530,2021-41,24
297,35530,2021-42,7
298,35530,2021-43,15
299,35530,2021-44,3
300,35530,2021-45,18
301,35530,2021-46,3
302,35530,2021-47,20
303,35530,2021-48,6
304,35530,2021-49,21
305,35530,2021-50,7
306,35530,2021-51,16
307,35530,2021-52,4
308,35530,2022-1,16
309,35530,2022-2,17
310,35530,2022-3,10
311,35530,2022-4,16
312,35530,2022-5,0
313,35530,2022-52,4
314,35530,2022-6,22
315,35584,2021-39,1
316,35584,2021-40,6
317,35584,2021-41,5
318,35584,2021-42,4
319,35584,2021-43,8
320,35584,2021-44,2
321,35584,2021-45,2
322,35584,2021-46,5
323,35584,2021-47,4
324,35584,2021-48,7
325,35584,2021-49,8
326,35584,2021-50,12
327,35584,2021-51,19
328,35584,2021-52,4
329,35584,2022-1,4
330,35584,2022-2,22
331,35584,2022-3,4
332,35584,2022-4,5
333,35584,2022-5,5
334,35584,2022-52,0
335,35584,2022-6,10
336,36898,2021-39,17
337,36898,2021-40,55
338,36898,2021-41,40
339,36898,2021-42,90
340,36898,2021-43,82
341,36898,2021-44,74
342,36898,2021-45,58
343,36898,2021-46,70
344,36898,2021-47,62
345,36898,2021-48,85
346,36898,2021-49,76
347,36898,2021-50,60
348,36898,2021-51,76
349,36898,2021-52,57
350,36898,2022-1,105
351,36898,2022-2,90
352,36898,2022-3,118
353,36898,2022-4,53
354,36898,2022-5,77
355,36898,2022-52,18
356,36898,2022-6,70
357,37510,2021-39,1
358,37510,2021-40,12
359,37510,2021-41,6
360,37510,2021-42,6
361,37510,2021-43,10
362,37510,2021-44,11
363,37510,2021-45,7
364,37510,2021-46,3
365,37510,2021-47,2
366,37510,2021-48,4
367,37510,2021-49,12
368,37510,2021-50,7
369,37510,2021-51,4
370,37510,2021-52,4
371,37510,2022-1,8
372,37510,2022-2,7
373,37510,2022-3,7
374,37510,2022-4,6
375,37510,2022-5,8
376,37510,2022-52,0
377,37510,2022-6,11
378,37861,2021-39,77
379,37861,2021-40,168
380,37861,2021-41,89
381,37861,2021-42,78
382,37861,2021-43,125
383,37861,2021-44,143
384,37861,2021-45,80
385,37861,2021-46,83
386,37861,2021-47,143
387,37861,2021-48,131
388,37861,2021-49,127
389,37861,2021-50,91
390,37861,2021-51,143
391,37861,2021-52,96
392,37861,2022-1,206
393,37861,2022-2,144
394,37861,2022-3,126
395,37861,2022-4,165
396,37861,2022-5,241
397,37861,2022-52,14
398,37861,2022-6,239
399,38518,2021-39,9
400,38518,2021-40,25
401,38518,2021-41,13
402,38518,2021-42,19
403,38518,2021-43,9
404,38518,2021-44,6
405,38518,2021-45,8
406,38518,2021-46,12
407,38518,2021-47,18
408,38518,2021-48,14
409,38518,2021-49,28
410,38518,2021-50,16
411,38518,2021-51,12
412,38518,2021-52,10
413,38518,2022-1,30
414,38518,2022-2,17
415,38518,2022-3,12
416,38518,2022-4,18
417,38518,2022-5,17
418,38518,2022-52,8
419,38518,2022-6,35
420,39436,2021-39,139
421,39436,2021-40,161
422,39436,2021-41,93
423,39436,2021-42,26
424,39436,2021-43,22
425,39436,2021-44,15
426,39436,2021-45,21
427,39436,2021-46,10
428,39436,2021-47,10
429,39436,2021-48,11
430,39436,2021-49,10
431,39436,2021-50,22
432,39436,2021-51,16
433,39436,2021-52,13
434,39436,2022-1,16
435,39436,2022-2,14
436,39436,2022-3,22
437,39436,2022-4,21
438,39436,2022-5,18
439,39436,2022-52,2
440,39436,2022-6,23
441,40759,2021-39,38
442,40759,2021-40,59
443,40759,2021-41,46
444,40759,2021-42,43
445,40759,2021-43,62
446,40759,2021-44,62
447,40759,2021-45,35
448,40759,2021-46,34
449,40759,2021-47,56
450,40759,2021-48,63
451,40759,2021-49,87
452,40759,2021-50,122
453,40759,2021-51,155
454,40759,2021-52,60
455,40759,2022-1,37
456,40759,2022-2,59
457,40759,2022-3,38
458,40759,2022-4,58
459,40759,2022-5,53
460,40759,2022-52,9
461,40759,2022-6,26
462,41830,2021-39,3
463,41830,2021-40,17
464,41830,2021-41,15
465,41830,2021-42,12
466,41830,2021-43,20
467,41830,2021-44,8
468,41830,2021-45,7
469,41830,2021-46,24
470,41830,2021-47,28
471,41830,2021-48,14
472,41830,2021-49,13
473,41830,2021-50,20
474,41830,2021-51,17
475,41830,2021-52,16
476,41830,2022-1,19
477,41830,2022-2,14
478,41830,2022-3,16
479,41830,2022-4,15
480,41830,2022-5,22
481,41830,2022-52,9
482,41830,2022-6,9
483,42424,2021-39,13
484,42424,2021-40,24
485,42424,2021-41,33
486,42424,2021-42,12
487,42424,2021-43,22
488,42424,2021-44,23
489,42424,2021-45,27
490,42424,2021-46,23
491,42424,2021-47,28
492,42424,2021-48,33
493,42424,2021-49,58
494,42424,2021-50,41
495,42424,2021-51,62
496,42424,2021-52,21
497,42424,2022-1,39
498,42424,2022-2,61
499,42424,2022-3,37
500,42424,2022-4,41
501,42424,2022-5,61
502,42424,2022-52,6
503,42424,2022-6,59
504,42496,2021-39,19
505,42496,2021-40,11
506,42496,2021-41,22
507,42496,2021-42,22
508,42496,2021-43,45
509,42496,2021-44,22
510,42496,2021-45,32
511,42496,2021-46,24
512,42496,2021-47,20
513,42496,2021-48,38
514,42496,2021-49,102
515,42496,2021-50,29
516,42496,2021-51,43
517,42496,2021-52,40
518,42496,2022-1,36
519,42496,2022-2,35
520,42496,2022-3,37
521,42496,2022-4,39
522,42496,2022-5,42
523,42496,2022-52,7
524,42496,2022-6,30
525,43630,2021-39,9
526,43630,2021-40,31
527,43630,2021-41,20
528,43630,2021-42,21
529,43630,2021-43,33
530,43630,2021-44,24
531,43630,2021-45,31
532,43630,2021-46,25
533,43630,2021-47,27
534,43630,2021-48,29
535,43630,2021-49,39
536,43630,2021-50,22
537,43630,2021-51,22
538,43630,2021-52,16
539,43630,2022-1,32
540,43630,2022-2,22
541,43630,2022-3,36
542,43630,2022-4,52
543,43630,2022-5,25
544,43630,2022-52,5
545,43630,2022-6,49
546,43657,2021-39,3
547,43657,2021-40,12
548,43657,2021-41,4
549,43657,2021-42,3
550,43657,2021-43,4
551,43657,2021-44,14
552,43657,2021-45,9
553,43657,2021-46,8
554,43657,2021-47,5
555,43657,2021-48,9
556,43657,2021-49,9
557,43657,2021-50,7
558,43657,2021-51,10
559,43657,2021-52,11
560,43657,2022-1,8
561,43657,2022-2,9
562,43657,2022-3,6
563,43657,2022-4,11
564,43657,2022-5,16
565,43657,2022-52,2
566,43657,2022-6,23
567,43738,2021-39,10
568,43738,2021-40,11
569,43738,2021-41,13
570,43738,2021-42,8
571,43738,2021-43,13
572,43738,2021-44,5
573,43738,2021-45,11
574,43738,2021-46,12
575,43738,2021-47,27
576,43738,2021-48,17
577,43738,2021-49,19
578,43738,2021-50,18
579,43738,2021-51,24
580,43738,2021-52,11
581,43738,2022-1,25
582,43738,2022-2,30
583,43738,2022-3,28
584,43738,2022-4,17
585,43738,2022-5,17
586,43738,2022-52,1
587,43738,2022-6,31
588,48940,2021-39,2
589,48940,2021-40,10
590,48940,2021-41,16
591,48940,2021-42,8
592,48940,2021-43,12
593,48940,2021-44,12
594,48940,2021-45,12
595,48940,2021-46,18
596,48940,2021-47,18
597,48940,2021-48,11
598,48940,2021-49,6
599,48940,2021-50,12
600,48940,2021-51,23
601,48940,2021-52,15
602,48940,2022-1,21
603,48940,2022-2,25
604,48940,2022-3,9
605,48940,2022-4,28
606,48940,2022-5,17
607,48940,2022-52,3
608,48940,2022-6,16
609,50785,2021-39,9
610,50785,2021-40,18
611,50785,2021-41,5
612,50785,2021-42,10
613,50785,2021-43,22
614,50785,2021-44,28
615,50785,2021-45,12
616,50785,2021-46,21
617,50785,2021-47,24
618,50785,2021-48,10
619,50785,2021-49,15
620,50785,2021-50,7
621,50785,2021-51,7
622,50785,2021-52,2
623,50785,2022-1,5
624,50785,2022-2,19
625,50785,2022-3,29
626,50785,2022-4,33
627,50785,2022-5,10
628,50785,2022-52,4
629,50785,2022-6,65
630,57058,2021-39,5
631,57058,2021-40,11
632,57058,2021-41,6
633,57058,2021-42,4
634,57058,2021-43,2
635,57058,2021-44,5
636,57058,2021-45,10
637,57058,2021-46,4
638,57058,2021-47,7
639,57058,2021-48,3
640,57058,2021-49,13
641,57058,2021-50,4
642,57058,2021-51,3
643,57058,2021-52,8
644,57058,2022-1,3
645,57058,2022-2,7
646,57058,2022-3,16
647,57058,2022-4,12
648,57058,2022-5,12
649,57058,2022-52,5
650,57058,2022-6,5
651,59047,2021-39,3
652,59047,2021-40,5
653,59047,2021-41,4
654,59047,2021-42,1
655,59047,2021-43,17
656,59047,2021-44,15
657,59047,2021-45,3
658,59047,2021-46,9
659,59047,2021-47,0
660,59047,2021-48,8
661,59047,2021-49,12
662,59047,2021-50,11
663,59047,2021-51,8
664,59047,2021-52,2
665,59047,2022-1,8
666,59047,2022-2,37
667,59047,2022-3,8
668,59047,2022-4,16
669,59047,2022-5,7
670,59047,2022-52,0
671,59047,2022-6,4
672,59749,2021-39,26
673,59749,2021-40,44
674,59749,2021-41,37
675,59749,2021-42,38
676,59749,2021-43,44
677,59749,2021-44,28
678,59749,2021-45,44
679,59749,2021-46,28
680,59749,2021-47,38
681,59749,2021-48,61
682,59749,2021-49,70
683,59749,2021-50,82
684,59749,2021-51,99
685,59749,2021-52,59
686,59749,2022-1,55
687,59749,2022-2,47
688,59749,2022-3,45
689,59749,2022-4,44
690,59749,2022-5,35
691,59749,2022-52,24
692,59749,2022-6,32
693,64978,2021-39,2
694,64978,2021-40,8
695,64978,2021-41,3
696,64978,2021-42,2
697,64978,2021-43,6
698,64978,2021-44,4
699,64978,2021-45,7
700,64978,2021-46,3
701,64978,2021-47,12
702,64978,2021-48,9
703,64978,2021-49,6
704,64978,2021-50,3
705,64978,2021-51,3
706,64978,2021-52,1
707,64978,2022-1,3
708,64978,2022-2,4
709,64978,2022-3,1
710,64978,2022-4,3
711,64978,2022-5,5
712,64978,2022-52,1
713,64978,2022-6,5
714,65788,2021-39,26
715,65788,2021-40,46
716,65788,2021-41,54
717,65788,2021-42,52
718,65788,2021-43,32
719,65788,2021-44,4
720,65788,2021-45,12
721,65788,2021-46,8
722,65788,2021-47,10
723,65788,2021-48,15
724,65788,2021-49,13
725,65788,2021-50,11
726,65788,2021-51,7
727,65788,2021-52,11
728,65788,2022-1,12
729,65788,2022-2,8
730,65788,2022-3,9
731,65788,2022-4,17
732,65788,2022-5,9
733,65788,2022-52,3
734,65788,2022-6,9
735,75886,2021-39,7
736,75886,2021-40,12
737,75886,2021-41,8
738,75886,2021-42,10
739,75886,2021-43,10
740,75886,2021-44,3
741,75886,2021-45,9
742,75886,2021-46,3
743,75886,2021-47,13
744,75886,2021-48,15
745,75886,2021-49,8
746,75886,2021-50,17
747,75886,2021-51,7
748,75886,2021-52,9
749,75886,2022-1,9
750,75886,2022-2,9
751,75886,2022-3,0
752,75886,2022-4,6
753,75886,2022-5,12
754,75886,2022-52,4
755,75886,2022-6,14
756,76399,2021-39,21
757,76399,2021-40,11
758,76399,2021-41,12
759,76399,2021-42,31
760,76399,2021-43,23
761,76399,2021-44,18
762,76399,2021-45,35
763,76399,2021-46,29
764,76399,2021-47,19
765,76399,2021-48,25
766,76399,2021-49,16
767,76399,2021-50,31
768,76399,2021-51,39
769,76399,2021-52,21
770,76399,2022-1,45
771,76399,2022-2,39
772,76399,2022-3,60
773,76399,2022-4,55
774,76399,2022-5,18
775,76399,2022-52,4
776,86974,2021-39,12
777,86974,2021-40,20
778,86974,2021-41,17
779,86974,2021-42,2
780,86974,2021-43,1
781,86974,2021-44,35
782,86974,2021-45,1
783,86974,2021-46,14
784,86974,2021-47,11
785,86974,2021-48,8
786,86974,2021-49,30
787,86974,2021-50,20
788,86974,2021-51,19
789,86974,2021-52,29
790,86974,2022-1,36
791,86974,2022-2,23
792,86974,2022-3,25
793,86974,2022-4,0
794,86974,2022-5,23
795,86974,2022-52,14
796,86992,2021-39,5
797,86992,2021-40,43
798,86992,2021-41,31
799,86992,2021-42,37
800,86992,2021-43,45
801,86992,2021-44,41
802,86992,2021-45,33
803,86992,2021-46,61
804,86992,2021-47,50
805,86992,2021-48,43
806,86992,2021-49,54
807,86992,2021-50,65
808,86992,2021-51,55
809,86992,2021-52,57
810,86992,2022-1,41
811,86992,2022-2,52
812,86992,2022-3,72
813,86992,2022-4,79
814,86992,2022-5,75
815,86992,2022-52,14
816,86992,2022-6,104
817,87046,2021-39,6
818,87046,2021-40,6
819,87046,2021-41,6
820,87046,2021-42,1
821,87046,2021-43,0
822,87046,2021-44,11
823,87046,2021-45,15
824,87046,2021-46,7
825,87046,2021-47,5
826,87046,2021-48,7
827,87046,2021-49,17
828,87046,2021-50,12
829,87046,2021-51,17
830,87046,2021-52,15
831,87046,2022-1,7
832,87046,2022-2,13
833,87046,2022-3,10
834,87046,2022-52,3
835,87559,2021-39,8
836,87559,2021-40,30
837,87559,2021-41,11
838,87559,2021-42,18
839,87559,2021-43,21
840,87559,2021-44,13
841,87559,2021-45,14
842,87559,2021-46,24
843,87559,2021-47,14
844,87559,2021-48,15
845,87559,2021-49,15
846,87559,2021-50,48
847,87559,2021-51,34
848,87559,2021-52,47
849,87559,2022-1,28
850,87559,2022-2,31
851,87559,2022-3,18
852,87559,2022-4,31
853,87559,2022-5,29
854,87559,2022-52,7
855,87559,2022-6,30
856,88450,2021-39,65
857,88450,2021-40,91
858,88450,2021-41,139
859,88450,2021-42,64
860,88450,2021-43,137
861,88450,2021-44,142
862,88450,2021-45,123
863,88450,2021-46,93
864,88450,2021-47,115
865,88450,2021-48,48
866,88450,2021-49,99
867,88450,2021-50,61
868,88450,2021-51,111
869,88450,2021-52,93
870,88450,2022-1,30
871,88450,2022-2,85
872,88450,2022-3,83
873,88450,2022-4,85
874,88450,2022-5,74
875,88450,2022-52,13
876,88450,2022-6,96
877,99079,2021-39,9
878,99079,2021-40,20
879,99079,2021-41,13
880,99079,2021-42,12
881,99079,2021-43,23
882,99079,2021-44,25
883,99079,2021-45,15
884,99079,2021-46,19
885,99079,2021-47,32
886,99079,2021-48,21
887,99079,2021-49,17
888,99079,2021-50,14
889,99079,2021-51,35
890,99079,2021-52,8
891,99079,2022-1,23
892,99079,2022-2,12
893,99079,2022-3,36
894,99079,2022-4,16
895,99079,2022-5,16
896,99079,2022-52,13
897,99079,2022-6,17
898,110320,2021-39,13
899,110320,2021-40,37
900,110320,2021-41,36
901,110320,2021-42,22
902,110320,2021-43,48
903,110320,2021-44,49
904,110320,2021-45,38
905,110320,2021-46,40
906,110320,2021-47,50
907,110320,2021-48,54
908,110320,2021-49,53
909,110320,2021-50,58
910,110320,2021-51,47
911,110320,2021-52,39
912,110320,2022-1,47
913,110320,2022-2,54
914,110320,2022-3,52
915,110320,2022-4,46
916,110320,2022-5,28
917,110320,2022-52,9
918,110320,2022-6,31
919,111382,2021-39,8
920,111382,2021-40,24
921,111382,2021-41,21
922,111382,2021-42,11
923,111382,2021-43,18
924,111382,2021-44,11
925,111382,2021-45,15
926,111382,2021-46,10
927,111382,2021-47,16
928,111382,2021-48,16
929,111382,2021-49,15
930,111382,2021-50,7
931,111382,2021-51,7
932,111382,2021-52,15
933,111382,2022-1,9
934,111382,2022-2,11
935,111382,2022-3,9
936,111382,2022-4,11
937,111382,2022-5,13
938,111382,2022-52,3
939,111382,2022-6,10
940,111436,2021-39,3
941,111436,2021-40,6
942,111436,2021-41,11
943,111436,2021-42,6
944,111436,2021-43,6
945,111436,2021-44,2
946,111436,2021-45,5
947,111436,2021-46,4
948,111436,2021-47,8
949,111436,2021-48,20
950,111436,2021-49,14
951,111436,2021-50,14
952,111436,2021-51,8
953,111436,2021-52,14
954,111436,2022-1,6
955,111436,2022-2,13
956,111436,2022-3,17
957,111436,2022-4,7
958,111436,2022-5,9
959,111436,2022-52,5
960,111436,2022-6,9
961,117610,2021-39,4
962,117610,2021-40,11
963,117610,2021-41,11
964,117610,2021-42,14
965,117610,2021-43,27
966,117610,2021-44,65
967,117610,2021-45,29
968,117610,2021-46,21
969,117610,2021-47,26
970,117610,2021-48,7
971,117610,2021-49,4
972,117610,2021-50,28
973,117610,2021-51,8
974,117610,2021-52,3
975,117610,2022-1,6
976,117610,2022-2,11
977,117610,2022-3,6
978,117610,2022-4,7
979,117610,2022-5,10
980,117610,2022-52,8
981,117610,2022-6,7
982,118033,2021-39,7
983,118033,2021-40,7
984,118033,2021-41,12
985,118033,2021-42,12
986,118033,2021-43,13
987,118033,2021-44,11
988,118033,2021-45,16
989,118033,2021-46,16
990,118033,2021-47,12
991,118033,2021-48,11
992,118033,2021-49,8
993,118033,2021-50,11
994,118033,2021-51,13
995,118033,2021-52,31
996,118033,2022-1,27
997,118033,2022-2,14
998,118033,2022-3,14
999,118033,2022-4,21
1000,118033,2022-5,18
1001,118033,2022-52,6
1002,118033,2022-6,8
1003,119554,2021-39,26
1004,119554,2021-40,108
1005,119554,2021-41,120
1006,119554,2021-42,110
1007,119554,2021-43,109
1008,119554,2021-44,137
1009,119554,2021-45,127
1010,119554,2021-46,139
1011,119554,2021-47,217
1012,119554,2021-48,166
1013,119554,2021-49,207
1014,119554,2021-50,140
1015,119554,2021-51,184
1016,119554,2021-52,136
1017,119554,2022-1,265
1018,119554,2022-2,196
1019,119554,2022-3,196
1020,119554,2022-4,150
1021,119554,2022-5,192
1022,119554,2022-52,28
1023,119554,2022-6,140
1024,123307,2021-39,242
1025,123307,2021-40,569
1026,123307,2021-41,493
1027,123307,2021-42,378
1028,123307,2021-43,552
1029,123307,2021-44,330
1030,123307,2021-45,397
1031,123307,2021-46,332
1032,123307,2021-47,409
1033,123307,2021-48,400
1034,123307,2021-49,396
1035,123307,2021-50,516
1036,123307,2021-51,683
1037,123307,2021-52,608
1038,123307,2022-1,632
1039,123307,2022-2,539
1040,123307,2022-3,527
1041,123307,2022-4,356
1042,123307,2022-5,376
1043,123307,2022-52,123
1044,123307,2022-6,555
1045,124774,2021-39,3
1046,124774,2021-40,26
1047,124774,2021-41,25
1048,124774,2021-42,23
1049,124774,2021-43,19
1050,124774,2021-44,22
1051,124774,2021-45,15
1052,124774,2021-46,25
1053,124774,2021-47,20
1054,124774,2021-48,24
1055,124774,2021-49,27
1056,124774,2021-50,49
1057,124774,2021-51,17
1058,124774,2021-52,18
1059,124774,2022-1,21
1060,124774,2022-2,49
1061,124774,2022-3,20
1062,124774,2022-4,2
1063,124774,2022-5,0
1064,124774,2022-52,7
1065,124774,2022-6,7
1066,124954,2021-39,7
1067,124954,2021-40,9
1068,124954,2021-41,13
1069,124954,2021-42,18
1070,124954,2021-43,31
1071,124954,2021-44,39
1072,124954,2021-45,35
1073,124954,2021-46,49
1074,124954,2021-47,23
1075,124954,2021-48,15
1076,124954,2021-49,14
1077,124954,2021-50,19
1078,124954,2021-51,12
1079,124954,2021-52,14
1080,124954,2022-1,20
1081,124954,2022-2,13
1082,124954,2022-3,8
1083,124954,2022-4,30
1084,124954,2022-5,27
1085,124954,2022-52,3
1086,124954,2022-6,32
1087,130993,2021-39,7
1088,130993,2021-40,19
1089,130993,2021-41,7
1090,130993,2021-42,13
1091,130993,2021-43,7
1092,130993,2021-44,43
1093,130993,2021-45,37
1094,130993,2021-46,41
1095,130993,2021-47,7
1096,130993,2021-48,7
1097,130993,2021-49,12
1098,130993,2021-50,5
1099,130993,2021-51,15
1100,130993,2021-52,25
1101,130993,2022-1,8
1102,130993,2022-2,29
1103,130993,2022-3,25
1104,130993,2022-4,12
1105,130993,2022-5,6
1106,130993,2022-52,4
1107,130993,2022-6,45
1108,131983,2021-39,18
1109,131983,2021-40,44
1110,131983,2021-41,40
1111,131983,2021-42,33
1112,131983,2021-43,20
1113,131983,2021-44,30
1114,131983,2021-45,31
1115,131983,2021-46,55
1116,131983,2021-47,32
1117,131983,2021-48,30
1118,131983,2021-49,39
1119,131983,2021-50,33
1120,131983,2021-51,45
1121,131983,2021-52,33
1122,131983,2022-1,37
1123,131983,2022-2,24
1124,131983,2022-3,29
1125,131983,2022-4,39
1126,131983,2022-5,31
1127,131983,2022-52,8
1128,131983,2022-6,37
1129,132028,2021-39,97
1130,132028,2021-40,133
1131,132028,2021-41,132
1132,132028,2021-42,109
1133,132028,2021-43,154
1134,132028,2021-44,211
1135,132028,2021-45,193
1136,132028,2021-46,108
1137,132028,2021-47,225
1138,132028,2021-48,219
1139,132028,2021-49,127
1140,132028,2021-50,113
1141,132028,2021-51,140
1142,132028,2021-52,69
1143,132028,2022-1,143
1144,132028,2022-2,147
1145,132028,2022-3,198
1146,132028,2022-4,227
1147,132028,2022-5,117
1148,132028,2022-52,17
1149,132028,2022-6,142
1150,132334,2021-39,11
1151,132334,2021-40,14
1152,132334,2021-41,20
1153,132334,2021-42,11
1154,132334,2021-43,7
1155,132334,2021-44,12
1156,132334,2021-45,20
1157,132334,2021-46,19
1158,132334,2021-47,42
1159,132334,2021-48,44
1160,132334,2021-49,34
1161,132334,2021-50,31
1162,132334,2021-51,25
1163,132334,2021-52,21
1164,132334,2022-1,29
1165,132334,2022-2,22
1166,132334,2022-3,23
1167,132334,2022-4,16
1168,132334,2022-5,15
1169,132334,2022-52,16
1170,132334,2022-6,13
1171,138742,2021-39,9
1172,138742,2021-40,36
1173,138742,2021-41,21
1174,138742,2021-42,13
1175,138742,2021-43,30
1176,138742,2021-44,24
1177,138742,2021-45,20
1178,138742,2021-46,25
1179,138742,2021-47,22
1180,138742,2021-48,34
1181,138742,2021-49,24
1182,138742,2021-50,34
1183,138742,2021-51,27
1184,138742,2021-52,13
1185,138742,2022-1,21
1186,138742,2022-2,14
1187,138742,2022-3,42
1188,138742,2022-4,22
1189,138742,2022-5,18
1190,138742,2022-52,2
1191,138742,2022-6,20
1192,142756,2021-39,10
1193,142756,2021-40,43
1194,142756,2021-41,31
1195,142756,2021-42,45
1196,142756,2021-43,33
1197,142756,2021-44,35
1198,142756,2021-45,28
1199,142756,2021-46,28
1200,142756,2021-47,38
1201,142756,2021-48,26
1202,142756,2021-49,19
1203,142756,2021-50,47
1204,142756,2021-51,47
1205,142756,2021-52,28
1206,142756,2022-1,34
1207,142756,2022-2,62
1208,142756,2022-3,63
1209,142756,2022-4,48
1210,142756,2022-5,28
1211,142756,2022-52,5
1212,142756,2022-6,83
1213,145330,2021-39,7
1214,145330,2021-40,11
1215,145330,2021-41,20
1216,145330,2021-42,6
1217,145330,2021-43,9
1218,145330,2021-44,3
1219,145330,2021-45,8
1220,145330,2021-46,10
1221,145330,2021-47,9
1222,145330,2021-48,21
1223,145330,2021-49,15
1224,145330,2021-50,20
1225,145330,2021-51,24
1226,145330,2021-52,9
1227,145330,2022-1,17
1228,145330,2022-2,9
1229,145330,2022-3,14
1230,145330,2022-4,16
1231,145330,2022-5,10
1232,145330,2022-52,6
1233,145330,2022-6,11
1234,145978,2021-39,20
1235,145978,2021-40,35
1236,145978,2021-41,32
1237,145978,2021-42,34
1238,145978,2021-43,31
1239,145978,2021-44,27
1240,145978,2021-45,23
1241,145978,2021-46,30
1242,145978,2021-47,44
1243,145978,2021-48,49
1244,145978,2021-49,31
1245,145978,2021-50,56
1246,145978,2021-51,46
1247,145978,2021-52,25
1248,145978,2022-1,49
1249,145978,2022-2,32
1250,145978,2022-3,41
1251,145978,2022-4,51
1252,145978,2022-5,33
1253,145978,2022-52,13
1254,145978,2022-6,32
1255,169504,2021-39,311
1256,169504,2021-40,780
1257,169504,2021-41,511
1258,169504,2021-42,808
1259,169504,2021-43,685
1260,169504,2021-44,664
1261,169504,2021-45,686
1262,169504,2021-46,720
1263,169504,2021-47,676
1264,169504,2021-48,604
1265,169504,2021-49,697
1266,169504,2021-50,737
1267,169504,2021-51,534
1268,169504,2021-52,541
1269,169504,2022-1,635
1270,169504,2022-2,507
1271,169504,2022-3,515
1272,169504,2022-4,689
1273,169504,2022-5,271
1274,169504,2022-52,121
1275,169504,2022-6,371
1276,172033,2021-39,18
1277,172033,2021-40,44
1278,172033,2021-41,20
1279,172033,2021-42,22
1280,172033,2021-43,47
1281,172033,2021-44,178
1282,172033,2021-45,177
1283,172033,2021-46,99
1284,172033,2021-47,77
1285,172033,2021-48,12
1286,172033,2021-49,15
1287,172033,2021-50,23
1288,172033,2021-51,13
1289,172033,2021-52,8
1290,172033,2022-1,19
1291,172033,2022-2,7
1292,172033,2022-3,9
1293,172033,2022-4,11
1294,172033,2022-5,16
1295,172033,2022-52,2
1296,172033,2022-6,5
1297,172582,2021-39,13
1298,172582,2021-40,18
1299,172582,2021-41,17
1300,172582,2021-42,12
1301,172582,2021-43,26
1302,172582,2021-44,16
1303,172582,2021-45,9
1304,172582,2021-46,13
1305,172582,2021-47,25
1306,172582,2021-48,28
1307,172582,2021-49,39
1308,172582,2021-50,17
1309,172582,2021-51,16
1310,172582,2021-52,17
1311,172582,2022-1,24
1312,172582,2022-2,23
1313,172582,2022-3,16
1314,172582,2022-4,21
1315,172582,2022-5,14
1316,172582,2022-52,1
1317,172582,2022-6,16
1318,173617,2021-39,7
1319,173617,2021-40,21
1320,173617,2021-41,24
1321,173617,2021-42,18
1322,173617,2021-43,26
1323,173617,2021-44,16
1324,173617,2021-45,0
1325,173617,2021-46,6
1326,173617,2021-47,12
1327,173617,2021-48,18
1328,173617,2021-49,14
1329,173617,2021-50,90
1330,173617,2021-51,23
1331,173617,2021-52,35
1332,173617,2022-1,44
1333,173617,2022-2,29
1334,173617,2022-3,12
1335,173617,2022-4,22
1336,173617,2022-5,17
1337,173617,2022-52,6
1338,173617,2022-6,18
1339,174436,2021-39,35
1340,174436,2021-40,64
1341,174436,2021-41,60
1342,174436,2021-42,69
1343,174436,2021-43,85
1344,174436,2021-44,62
1345,174436,2021-45,73
1346,174436,2021-46,47
1347,174436,2021-47,90
1348,174436,2021-48,63
1349,174436,2021-49,45
1350,174436,2021-50,51
1351,174436,2021-51,41
1352,174436,2021-52,28
1353,174436,2022-1,41
1354,174436,2022-2,45
1355,174436,2022-3,45
1356,174436,2022-4,62
1357,174436,2022-5,61
1358,174436,2022-52,9
1359,174436,2022-6,47
1360,210868,2021-40,11
1361,210868,2021-41,9
1362,210868,2021-42,0
1363,210868,2021-43,6
1364,210868,2021-44,8
1365,210868,2021-45,5
1366,210868,2021-46,5
1367,210868,2021-47,6
1368,210868,2021-48,14
1369,210868,2021-49,5
1370,210868,2021-50,7
1371,210868,2021-51,10
1372,210868,2021-52,5
1373,210868,2022-1,8
1374,210868,2022-2,16
1375,210868,2022-3,12
1376,210868,2022-4,11
1377,210868,2022-5,14
1378,210868,2022-52,1
1379,210868,2022-6,4
1380,211309,2021-39,11
1381,211309,2021-40,12
1382,211309,2021-41,24
1383,211309,2021-42,10
1384,211309,2021-43,10
1385,211309,2021-44,10
1386,211309,2021-45,13
1387,211309,2021-46,25
1388,211309,2021-47,9
1389,211309,2021-48,12
1390,211309,2021-49,12
1391,211309,2021-50,19
1392,211309,2021-51,11
1393,211309,2021-52,3
1394,211309,2022-1,7
1395,211309,2022-2,3
1396,211309,2022-3,18
1397,211309,2022-4,21
1398,211309,2022-5,30
1399,211309,2022-52,4
1400,211309,2022-6,14
1401,213802,2021-39,5
1402,213802,2021-40,11
1403,213802,2021-41,14
1404,213802,2021-42,11
1405,213802,2021-43,8
1406,213802,2021-44,6
1407,213802,2021-45,6
1408,213802,2021-46,3
1409,213802,2021-47,7
1410,213802,2021-48,15
1411,213802,2021-49,11
1412,213802,2021-50,9
1413,213802,2021-51,9
1414,213802,2021-52,3
1415,213802,2022-1,8
1416,213802,2022-2,9
1417,213802,2022-3,7
1418,213802,2022-4,9
1419,213802,2022-5,17
1420,213802,2022-52,1
1421,213802,2022-6,7
1422,216151,2021-39,8
1423,216151,2021-40,12
1424,216151,2021-41,20
1425,216151,2021-42,18
1426,216151,2021-43,12
1427,216151,2021-44,9
1428,216151,2021-45,30
1429,216151,2021-46,19
1430,216151,2021-47,15
1431,216151,2021-48,14
1432,216151,2021-49,19
1433,216151,2021-50,14
1434,216151,2021-51,17
1435,216151,2021-52,10
1436,216151,2022-1,17
1437,216151,2022-2,23
1438,216151,2022-3,18
1439,216151,2022-4,20
1440,216151,2022-5,14
1441,216151,2022-52,6
1442,216151,2022-6,13
1443,225259,2021-39,8
1444,225259,2021-40,17
1445,225259,2021-41,11
1446,225259,2021-42,15
1447,225259,2021-43,11
1448,225259,2021-44,5
1449,225259,2021-45,9
1450,225259,2021-46,10
1451,225259,2021-47,10
1452,225259,2021-48,18
1453,225259,2021-49,15
1454,225259,2021-50,14
1455,225259,2021-51,14
1456,225259,2021-52,8
1457,225259,2022-1,0
1458,225259,2022-2,20
1459,225259,2022-3,14
1460,225259,2022-4,5
1461,225259,2022-5,23
1462,225259,2022-52,1
1463,225259,2022-6,14
1464,245581,2021-39,24
1465,245581,2021-40,66
1466,245581,2021-41,89
1467,245581,2021-42,59
1468,245581,2021-43,111
1469,245581,2021-44,56
1470,245581,2021-45,88
1471,245581,2021-46,54
1472,245581,2021-47,76
1473,245581,2021-48,74
1474,245581,2021-49,104
1475,245581,2021-50,76
1476,245581,2021-51,93
1477,245581,2021-52,71
1478,245581,2022-1,80
1479,245581,2022-2,136
1480,245581,2022-3,118
1481,245581,2022-4,188
1482,245581,2022-5,143
1483,245581,2022-52,25
1484,245581,2022-6,153
1485,248272,2021-39,14
1486,248272,2021-40,17
1487,248272,2021-41,0
1488,248272,2021-42,0
1489,248272,2021-43,0
1490,248272,2021-44,30
1491,248272,2021-45,24
1492,248272,2021-46,29
1493,248272,2021-47,24
1494,248272,2021-48,16
1495,248272,2021-49,13
1496,248272,2021-50,16
1497,248272,2021-51,24
1498,248272,2021-52,21
1499,248272,2022-1,20
1500,248272,2022-2,26
1501,248272,2022-3,9
1502,248272,2022-4,28
1503,248272,2022-5,19
1504,248272,2022-52,4
1505,248272,2022-6,19
1506,262384,2021-39,3
1507,262384,2021-40,9
1508,262384,2021-41,7
1509,262384,2021-42,13
1510,262384,2021-43,14
1511,262384,2021-44,19
1512,262384,2021-45,7
1513,262384,2021-46,15
1514,262384,2021-47,17
1515,262384,2021-48,17
1516,262384,2021-49,16
1517,262384,2021-50,19
1518,262384,2021-51,18
1519,262384,2021-52,13
1520,262384,2022-1,11
1521,262384,2022-2,20
1522,262384,2022-3,14
1523,262384,2022-4,13
1524,262384,2022-5,17
1525,262384,2022-52,8
1526,262384,2022-6,16
1527,267478,2021-39,11
1528,267478,2021-40,44
1529,267478,2021-41,23
1530,267478,2021-42,9
1531,267478,2021-43,4
1532,267478,2021-44,12
1533,267478,2021-45,5
1534,267478,2021-46,5
1535,267478,2021-47,13
1536,267478,2021-48,12
1537,267478,2021-49,0
1538,267478,2021-50,0
1539,267478,2021-51,5
1540,267478,2021-52,8
1541,267478,2022-1,6
1542,267478,2022-2,9
1543,267478,2022-3,4
1544,267478,2022-4,6
1545,267478,2022-5,13
1546,267478,2022-52,2
1547,267478,2022-6,11
1548,267496,2021-44,7
1549,267496,2021-45,15
1550,267496,2021-46,2
1551,267496,2021-47,11
1552,267496,2021-48,11
1553,267496,2021-49,15
1554,267496,2021-50,10
1555,267496,2021-51,9
1556,267496,2021-52,7
1557,267496,2022-1,10
1558,267496,2022-2,10
1559,267496,2022-3,10
1560,267496,2022-4,11
1561,267496,2022-5,15
1562,267496,2022-52,1
1563,267496,2022-6,5
1564,370195,2021-39,20
1565,370195,2021-40,35
1566,370195,2021-41,26
1567,370195,2021-42,48
1568,370195,2021-43,41
1569,370195,2021-44,44
1570,370195,2021-45,63
1571,370195,2021-46,20
1572,370195,2021-47,48
1573,370195,2021-48,56
1574,370195,2021-49,90
1575,370195,2021-50,47
1576,370195,2021-51,96
1577,370195,2021-52,59
1578,370195,2022-1,57
1579,370195,2022-2,34
1580,370195,2022-3,29
1581,370195,2022-4,37
1582,370195,2022-5,56
1583,370195,2022-52,8
1584,370195,2022-6,52
1585,371104,2021-39,4
1586,371104,2021-40,6
1587,371104,2021-41,6
1588,371104,2021-42,12
1589,371104,2021-43,11
1590,371104,2021-44,4
1591,371104,2021-45,6
1592,371104,2021-46,11
1593,371104,2021-47,5
1594,371104,2021-48,24
1595,371104,2021-49,9
1596,371104,2021-50,23
1597,371104,2021-51,7
1598,371104,2021-52,2
1599,371104,2022-1,10
1600,371104,2022-2,16
1601,371104,2022-3,8
1602,371104,2022-4,7
1603,371104,2022-5,6
1604,371104,2022-52,2
1605,371104,2022-6,21
1606,371239,2021-39,11
1607,371239,2021-40,10
1608,371239,2021-41,8
1609,371239,2021-42,6
1610,371239,2021-43,19
1611,371239,2021-44,9
1612,371239,2021-45,6
1613,371239,2021-46,13
1614,371239,2021-47,3
1615,371239,2021-48,21
1616,371239,2021-49,17
1617,371239,2021-50,13
1618,371239,2021-51,27
1619,371239,2021-52,21
1620,371239,2022-1,16
1621,371239,2022-2,16
1622,371239,2022-3,9
1623,371239,2022-4,14
1624,371239,2022-5,16
1625,371239,2022-52,51
1626,371239,2022-6,9
1627,379249,2021-39,7
1628,379249,2021-40,26
1629,379249,2021-41,35
1630,379249,2021-42,30
1631,379249,2021-43,35
1632,379249,2021-44,35
1633,379249,2021-45,29
1634,379249,2021-46,43
1635,379249,2021-47,38
1636,379249,2021-48,53
1637,379249,2021-49,49
1638,379249,2021-50,54
1639,379249,2021-51,106
1640,379249,2021-52,114
1641,379249,2022-1,48
1642,379249,2022-2,45
1643,379249,2022-3,73
1644,379249,2022-4,126
1645,379249,2022-5,84
1646,379249,2022-52,43
1647,379249,2022-6,12
1648,397213,2021-39,10
1649,397213,2021-40,6
1650,397213,2021-41,26
1651,397213,2021-42,1
1652,397213,2021-43,9
1653,397213,2021-44,49
1654,397213,2021-45,18
1655,397213,2021-46,9
1656,397213,2021-47,7
1657,397213,2021-48,12
1658,397213,2021-49,3
1659,397213,2021-50,19
1660,397213,2021-51,11
1661,397213,2021-52,13
1662,397213,2022-1,23
1663,397213,2022-2,27
1664,397213,2022-3,24
1665,397213,2022-4,27
1666,397213,2022-5,20
1667,397213,2022-52,13
1668,397213,2022-6,22
1669,399220,2021-39,6
1670,399220,2021-40,23
1671,399220,2021-41,17
1672,399220,2021-42,20
1673,399220,2021-43,26
1674,399220,2021-44,19
1675,399220,2021-45,19
1676,399220,2021-46,13
1677,399220,2021-47,28
1678,399220,2021-48,35
1679,399220,2021-49,31
1680,399220,2021-50,58
1681,399220,2021-51,91
1682,399220,2021-52,82
1683,399220,2022-1,16
1684,399220,2022-2,25
1685,399220,2022-3,17
1686,399220,2022-4,16
1687,399220,2022-5,30
1688,399220,2022-52,14
1689,399220,2022-6,37
1690,416212,2021-39,5
1691,416212,2021-40,4
1692,416212,2021-41,3
1693,416212,2021-42,10
1694,416212,2021-43,8
1695,416212,2021-44,6
1696,416212,2021-45,4
1697,416212,2021-46,10
1698,416212,2021-47,9
1699,416212,2021-48,13
1700,416212,2021-49,10
1701,416212,2021-50,3
1702,416212,2021-51,4
1703,416212,2021-52,5
1704,416212,2022-1,7
1705,416212,2022-2,7
1706,416212,2022-3,9
1707,416212,2022-4,12
1708,416212,2022-5,12
1709,416212,2022-52,4
1710,416212,2022-6,16
1711,687616,2021-39,15
1712,687616,2021-40,15
1713,687616,2021-41,10
1714,687616,2021-42,0
1715,687616,2021-43,0
1716,687616,2021-44,0
1717,687616,2021-45,7
1718,687616,2021-46,10
1719,687616,2021-47,22
1720,687616,2021-48,19
1721,687616,2021-49,23
1722,687616,2021-50,23
1723,687616,2021-51,25
1724,687616,2021-52,12
1725,687616,2022-1,22
1726,687616,2022-2,15
1727,687616,2022-3,9
1728,687616,2022-4,13
1729,687616,2022-5,18
1730,687616,2022-52,3
1731,687616,2022-6,14
1732,731104,2021-39,7
1733,731104,2021-40,25
1734,731104,2021-41,14
1735,731104,2021-42,9
1736,731104,2021-43,12
1737,731104,2021-44,23
1738,731104,2021-45,10
1739,731104,2021-46,29
1740,731104,2021-47,7
1741,731104,2021-48,27
1742,731104,2021-49,9
1743,731104,2021-50,23
1744,731104,2021-51,19
1745,731104,2021-52,18
1746,731104,2022-1,23
1747,731104,2022-2,10
1748,731104,2022-3,10
1749,731104,2022-4,0
1750,731104,2022-5,24
1751,731104,2022-52,10
1752,745945,2021-39,5
1753,745945,2021-40,15
1754,745945,2021-41,2
1755,745945,2021-42,2
1756,745945,2021-43,45
1757,745945,2021-44,39
1758,745945,2021-45,47
1759,745945,2021-46,25
1760,745945,2021-47,21
1761,745945,2021-48,9
1762,745945,2021-49,6
1763,745945,2021-50,9
1764,745945,2021-51,21
1765,745945,2021-52,11
1766,745945,2022-1,12
1767,745945,2022-2,16
1768,745945,2022-3,15
1769,745945,2022-4,10
1770,745945,2022-5,7
1771,745945,2022-52,7
1772,745945,2022-6,16
1773,753613,2021-39,5
1774,753613,2021-40,32
1775,753613,2021-41,11
1776,753613,2021-42,12
1777,753613,2021-43,19
1778,753613,2021-44,40
1779,753613,2021-45,34
1780,753613,2021-46,10
1781,753613,2021-47,36
1782,753613,2021-48,32
1783,753613,2021-49,5
1784,753613,2021-50,25
1785,753613,2021-51,17
1786,753613,2021-52,33
1787,753613,2022-1,43
1788,753613,2022-2,59
1789,753613,2022-3,121
1790,753613,2022-4,104
1791,753613,2022-5,36
1792,753613,2022-52,3
1793,753613,2022-6,129
1794,755584,2021-39,9
1795,755584,2021-40,31
1796,755584,2021-41,13
1797,755584,2021-42,13
1798,755584,2021-43,78
1799,755584,2021-44,27
1800,755584,2021-45,30
1801,755584,2021-46,73
1802,755584,2021-47,35
1803,755584,2021-48,51
1804,755584,2021-49,20
1805,755584,2021-50,20
1806,755584,2021-51,28
1807,755584,2021-52,16
1808,755584,2022-1,53
1809,755584,2022-2,66
1810,755584,2022-3,95
1811,755584,2022-4,62
1812,755584,2022-5,57
1813,755584,2022-52,10
1814,755584,2022-6,54
1815,815101,2021-39,15
1816,815101,2021-40,26
1817,815101,2021-41,21
1818,815101,2021-42,31
1819,815101,2021-43,31
1820,815101,2021-44,18
1821,815101,2021-45,22
1822,815101,2021-46,21
1823,815101,2021-47,40
1824,815101,2021-48,25
1825,815101,2021-49,44
1826,815101,2021-50,39
1827,815101,2021-51,32
1828,815101,2021-52,18
1829,815101,2022-1,22
1830,815101,2022-2,21
1831,815101,2022-3,30
1832,815101,2022-4,31
1833,815101,2022-5,16
1834,815101,2022-52,7
1835,815101,2022-6,21
1836,836125,2021-39,11
1837,836125,2021-40,42
1838,836125,2021-41,19
1839,836125,2021-42,23
1840,836125,2021-43,29
1841,836125,2021-44,42
1842,836125,2021-45,48
1843,836125,2021-46,59
1844,836125,2021-47,32
1845,836125,2021-48,39
1846,836125,2021-49,34
1847,836125,2021-50,29
1848,836125,2021-51,32
1849,836125,2021-52,24
1850,836125,2022-1,23
1851,836125,2022-2,31
1852,836125,2022-3,24
1853,836125,2022-4,74
1854,836125,2022-5,113
1855,836125,2022-52,8
1856,836125,2022-6,33
1857,836152,2021-39,9
1858,836152,2021-40,22
1859,836152,2021-41,10
1860,836152,2021-42,12
1861,836152,2021-43,18
1862,836152,2021-44,16
1863,836152,2021-45,16
1864,836152,2021-46,18
1865,836152,2021-47,12
1866,836152,2021-48,44
1867,836152,2021-49,37
1868,836152,2021-50,17
1869,836152,2021-51,11
1870,836152,2021-52,18
1871,836152,2022-1,20
1872,836152,2022-2,32
1873,836152,2022-3,20
1874,836152,2022-4,10
1875,836152,2022-5,11
1876,836152,2022-52,2
1877,836152,2022-6,21
1878,836584,2021-39,83
1879,836584,2021-40,70
1880,836584,2021-41,143
1881,836584,2021-42,88
1882,836584,2021-43,124
1883,836584,2021-44,163
1884,836584,2021-45,123
1885,836584,2021-46,123
1886,836584,2021-47,296
1887,836584,2021-48,162
1888,836584,2021-49,112
1889,836584,2021-50,150
1890,836584,2021-51,101
1891,836584,2021-52,88
1892,836584,2022-1,271
1893,836584,2022-2,38
1894,836584,2022-3,0
1895,836584,2022-4,118
1896,836584,2022-5,242
1897,836584,2022-52,41
1898,837943,2021-39,40
1899,837943,2021-40,85
1900,837943,2021-41,50
1901,837943,2021-42,80
1902,837943,2021-43,102
1903,837943,2021-44,89
1904,837943,2021-45,79
1905,837943,2021-46,107
1906,837943,2021-47,102
1907,837943,2021-48,94
1908,837943,2021-49,96
1909,837943,2021-50,84
1910,837943,2021-51,89
1911,837943,2021-52,66
1912,837943,2022-1,63
1913,837943,2022-2,55
1914,837943,2022-3,112
1915,837943,2022-4,88
1916,837943,2022-5,95
1917,837943,2022-52,22
1918,837943,2022-6,78
1919,838456,2021-39,5
1920,838456,2021-40,11
1921,838456,2021-41,13
1922,838456,2021-42,8
1923,838456,2021-43,16
1924,838456,2021-44,11
1925,838456,2021-45,13
1926,838456,2021-46,18
1927,838456,2021-47,17
1928,838456,2021-48,21
1929,838456,2021-49,18
1930,838456,2021-50,18
1931,838456,2021-51,24
1932,838456,2021-52,14
1933,838456,2022-1,19
1934,838456,2022-2,23
1935,838456,2022-3,17
1936,838456,2022-4,13
1937,838456,2022-5,14
1938,838456,2022-52,11
1939,838456,2022-6,13
1940,839356,2021-39,6
1941,839356,2021-40,21
1942,839356,2021-41,30
1943,839356,2021-42,53
1944,839356,2021-43,89
1945,839356,2021-44,18
1946,839356,2021-45,57
1947,839356,2021-46,38
1948,839356,2021-47,28
1949,839356,2021-48,13
1950,839356,2021-49,46
1951,839356,2021-50,33
1952,839356,2021-51,32
1953,839356,2021-52,19
1954,839356,2022-1,68
1955,839356,2022-2,35
1956,839356,2022-3,148
1957,839356,2022-4,94
1958,839356,2022-5,73
1959,839356,2022-52,6
1960,839356,2022-6,92
1961,839374,2021-39,30
1962,839374,2021-40,13
1963,839374,2021-41,25
1964,839374,2021-42,13
1965,839374,2021-43,78
1966,839374,2021-44,38
1967,839374,2021-45,19
1968,839374,2021-46,14
1969,839374,2021-47,37
1970,839374,2021-48,28
1971,839374,2021-49,20
1972,839374,2021-50,50
1973,839374,2021-51,27
1974,839374,2021-52,43
1975,839374,2022-1,107
1976,839374,2022-2,55
1977,839374,2022-3,48
1978,839374,2022-4,35
1979,839374,2022-5,47
1980,839374,2022-52,14
1981,839374,2022-6,63
1982,858886,2021-39,5
1983,858886,2021-40,10
1984,858886,2021-41,16
1985,858886,2021-42,7
1986,858886,2021-43,14
1987,858886,2021-44,9
1988,858886,2021-45,4
1989,858886,2021-46,8
1990,858886,2021-47,8
1991,858886,2021-48,19
1992,858886,2021-49,3
1993,858886,2021-50,11
1994,858886,2021-51,11
1995,858886,2021-52,5
1996,858886,2022-1,15
1997,858886,2022-2,10
1998,858886,2022-3,18
1999,858886,2022-4,6
2000,858886,2022-5,9
2001,858886,2022-52,0
2002,858886,2022-6,9
2003,865933,2021-39,24
2004,865933,2021-40,40
2005,865933,2021-41,36
2006,865933,2021-42,31
2007,865933,2021-43,61
2008,865933,2021-44,29
2009,865933,2021-45,14
2010,865933,2021-46,5
2011,865933,2021-47,13
2012,865933,2021-48,25
2013,865933,2021-49,25
2014,865933,2021-50,28
2015,865933,2021-51,16
2016,865933,2021-52,9
2017,865933,2022-1,10
2018,865933,2022-2,24
2019,865933,2022-3,11
2020,865933,2022-4,13
2021,865933,2022-5,23
2022,865933,2022-52,2
2023,865933,2022-6,21
2024,872260,2021-39,4
2025,872260,2021-40,17
2026,872260,2021-41,11
2027,872260,2021-42,22
2028,872260,2021-43,15
2029,872260,2021-44,11
2030,872260,2021-45,10
2031,872260,2021-46,7
2032,872260,2021-47,15
2033,872260,2021-48,4
2034,872260,2021-49,17
2035,872260,2021-50,14
2036,872260,2021-51,11
2037,872260,2021-52,19
2038,872260,2022-1,51
2039,872260,2022-2,36
2040,872260,2022-3,10
2041,872260,2022-4,11
2042,872260,2022-5,4
2043,872260,2022-52,2
2044,872260,2022-6,12
2045,877624,2021-39,7
2046,877624,2021-40,47
2047,877624,2021-41,16
2048,877624,2021-42,20
2049,877624,2021-43,33
2050,877624,2021-44,31
2051,877624,2021-45,21
2052,877624,2021-46,21
2053,877624,2021-47,25
2054,877624,2021-48,32
2055,877624,2021-49,39
2056,877624,2021-50,12
2057,877624,2021-51,34
2058,877624,2021-52,63
2059,877624,2022-1,30
2060,877624,2022-2,25
2061,877624,2022-3,25
2062,877624,2022-4,30
2063,877624,2022-5,30
2064,877624,2022-52,6
2065,877624,2022-6,22
2066,893824,2021-41,24
2067,893824,2021-42,23
2068,893824,2021-43,101
2069,893824,2021-44,69
2070,893824,2021-45,66
2071,893824,2021-46,38
2072,893824,2021-47,48
2073,893824,2021-48,50
2074,893824,2021-49,39
2075,893824,2021-50,21
2076,893824,2021-51,24
2077,893824,2021-52,12
2078,893824,2022-1,47
2079,893824,2022-2,55
2080,893824,2022-3,29
2081,893824,2022-4,63
2082,893824,2022-5,24
2083,893824,2022-52,11
2084,893824,2022-6,27
2085,903976,2021-39,41
2086,903976,2021-40,7
2087,903976,2021-41,0
2088,903976,2021-42,11
2089,903976,2021-43,28
2090,903976,2021-44,16
2091,903976,2021-45,20
2092,903976,2021-46,28
2093,903976,2021-47,25
2094,903976,2021-48,33
2095,903976,2021-49,19
2096,903976,2021-50,21
2097,903976,2021-51,8
2098,903976,2021-52,14
2099,903976,2022-1,17
2100,903976,2022-2,22
2101,903976,2022-3,34
2102,903976,2022-4,19
2103,903976,2022-5,33
2104,903976,2022-52,5
2105,903976,2022-6,31
2106,906586,2021-39,2
2107,906586,2021-40,1
2108,906586,2021-41,6
2109,906586,2021-42,8
2110,906586,2021-43,10
2111,906586,2021-44,11
2112,906586,2021-45,10
2113,906586,2021-46,7
2114,906586,2021-47,12
2115,906586,2021-48,12
2116,906586,2021-49,6
2117,906586,2021-50,14
2118,906586,2021-51,10
2119,906586,2021-52,8
2120,906586,2022-1,7
2121,906586,2022-2,10
2122,906586,2022-3,12
2123,906586,2022-4,14
2124,906586,2022-5,10
2125,906586,2022-52,5
2126,906586,2022-6,6
2127,906595,2021-39,2
2128,906595,2021-40,5
2129,906595,2021-41,11
2130,906595,2021-42,6
2131,906595,2021-43,0
2132,906595,2021-44,7
2133,906595,2021-45,10
2134,906595,2021-46,10
2135,906595,2021-47,9
2136,906595,2021-48,9
2137,906595,2021-49,7
2138,906595,2021-50,11
2139,906595,2021-51,17
2140,906595,2021-52,11
2141,906595,2022-1,7
2142,906595,2022-2,9
2143,906595,2022-3,7
2144,906595,2022-4,13
2145,906595,2022-5,14
2146,906595,2022-52,4
2147,906595,2022-6,7
2148,913561,2021-39,3
2149,913561,2021-40,11
2150,913561,2021-41,8
2151,913561,2021-42,6
2152,913561,2021-43,12
2153,913561,2021-44,10
2154,913561,2021-45,15
2155,913561,2021-46,10
2156,913561,2021-47,7
2157,913561,2021-48,10
2158,913561,2021-49,15
2159,913561,2021-50,11
2160,913561,2021-51,5
2161,913561,2021-52,4
2162,913561,2022-1,2
2163,913561,2022-2,10
2164,913561,2022-3,8
2165,913561,2022-4,3
2166,913561,2022-5,7
2167,913561,2022-52,3
2168,913561,2022-6,15
2169,999403,2021-39,2
2170,999403,2021-40,5
2171,999403,2021-41,5
2172,999403,2021-42,3
2173,999403,2021-43,11
2174,999403,2021-44,14
2175,999403,2021-45,15
2176,999403,2021-46,8
2177,999403,2021-47,10
2178,999403,2021-48,6
2179,999403,2021-49,6
2180,999403,2021-50,18
2181,999403,2021-51,14
2182,999403,2021-52,28
2183,999403,2022-1,34
2184,999403,2022-2,13
2185,999403,2022-3,36
2186,999403,2022-4,38
2187,999403,2022-5,16
2188,999403,2022-52,5
2189,999403,2022-6,16
2190,1003147,2021-39,25
2191,1003147,2021-40,54
2192,1003147,2021-41,43
2193,1003147,2021-42,151
2194,1003147,2021-43,47
2195,1003147,2021-44,57
2196,1003147,2021-45,60
2197,1003147,2021-46,79
2198,1003147,2021-47,79
2199,1003147,2021-48,17
2200,1003147,2021-49,39
2201,1003147,2021-50,49
2202,1003147,2021-51,72
2203,1003147,2021-52,60
2204,1003147,2022-1,115
2205,1003147,2022-2,212
2206,1003147,2022-3,25
2207,1003147,2022-4,122
2208,1003147,2022-5,201
2209,1003147,2022-52,4
2210,1003147,2022-6,36
2211,1003156,2021-39,24
2212,1003156,2021-40,65
2213,1003156,2021-41,39
2214,1003156,2021-42,44
2215,1003156,2021-43,63
2216,1003156,2021-44,56
2217,1003156,2021-45,89
2218,1003156,2021-46,34
2219,1003156,2021-47,67
2220,1003156,2021-48,55
2221,1003156,2021-49,56
2222,1003156,2021-50,89
2223,1003156,2021-51,142
2224,1003156,2021-52,108
2225,1003156,2022-1,127
2226,1003156,2022-2,112
2227,1003156,2022-3,182
2228,1003156,2022-4,166
2229,1003156,2022-5,12
2230,1003156,2022-52,40
2231,1003156,2022-6,60
2232,1003183,2021-39,6
2233,1003183,2021-40,18
2234,1003183,2021-41,20
2235,1003183,2021-42,19
2236,1003183,2021-43,11
2237,1003183,2021-44,4
2238,1003183,2021-45,15
2239,1003183,2021-46,6
2240,1003183,2021-47,30
2241,1003183,2021-48,6
2242,1003183,2021-49,15
2243,1003183,2021-50,6
2244,1003183,2021-51,2
2245,1003183,2021-52,17
2246,1003183,2022-1,23
2247,1003183,2022-2,11
2248,1003183,2022-3,31
2249,1003183,2022-4,50
2250,1003183,2022-5,19
2251,1003183,2022-52,3
2252,1003183,2022-6,37
2253,1003192,2021-39,7
2254,1003192,2021-40,14
2255,1003192,2021-41,22
2256,1003192,2021-42,5
2257,1003192,2021-43,8
2258,1003192,2021-44,8
2259,1003192,2021-45,25
2260,1003192,2021-46,24
2261,1003192,2021-47,24
2262,1003192,2021-48,26
2263,1003192,2021-49,11
2264,1003192,2021-50,16
2265,1003192,2021-51,34
2266,1003192,2021-52,17
2267,1003192,2022-1,28
2268,1003192,2022-2,42
2269,1003192,2022-3,47
2270,1003192,2022-4,48
2271,1003192,2022-5,32
2272,1003192,2022-52,11
2273,1003192,2022-6,77
2274,1006009,2021-39,8
2275,1006009,2021-40,22
2276,1006009,2021-41,23
2277,1006009,2021-42,9
2278,1006009,2021-43,13
2279,1006009,2021-44,5
2280,1006009,2021-45,4
2281,1006009,2021-46,6
2282,1006009,2021-47,7
2283,1006009,2021-48,4
2284,1006009,2021-49,3
2285,1006009,2021-50,7
2286,1006009,2021-51,7
2287,1006009,2021-52,2
2288,1006009,2022-1,2
2289,1006009,2022-2,1
2290,1006009,2022-3,3
2291,1006009,2022-4,8
2292,1006009,2022-5,4
2293,1006009,2022-52,2
2294,1006009,2022-6,3
2295,1006090,2021-39,2
2296,1006090,2021-40,6
2297,1006090,2021-41,14
2298,1006090,2021-42,9
2299,1006090,2021-43,14
2300,1006090,2021-44,16
2301,1006090,2021-45,16
2302,1006090,2021-46,19
2303,1006090,2021-47,12
2304,1006090,2021-48,15
2305,1006090,2021-49,19
2306,1006090,2021-50,33
2307,1006090,2021-51,19
2308,1006090,2021-52,36
2309,1006090,2022-1,8
2310,1006090,2022-2,19
2311,1006090,2022-3,36
2312,1006090,2022-4,29
2313,1006090,2022-5,15
2314,1006090,2022-52,2
2315,1006090,2022-6,21
2316,1006099,2021-39,4
2317,1006099,2021-40,3
2318,1006099,2021-41,3
2319,1006099,2021-42,4
2320,1006099,2021-43,5
2321,1006099,2021-44,4
2322,1006099,2021-45,21
2323,1006099,2021-46,2
2324,1006099,2021-47,6
2325,1006099,2021-48,2
2326,1006099,2021-49,8
2327,1006099,2021-50,4
2328,1006099,2021-51,5
2329,1006099,2021-52,2
2330,1006099,2022-1,2
2331,1006099,2022-2,14
2332,1006099,2022-3,23
2333,1006099,2022-4,11
2334,1006099,2022-5,24
2335,1006099,2022-52,2
2336,1006099,2022-6,13
2337,1006108,2021-39,2
2338,1006108,2021-40,10
2339,1006108,2021-41,7
2340,1006108,2021-42,2
2341,1006108,2021-43,6
2342,1006108,2021-44,4
2343,1006108,2021-45,11
2344,1006108,2021-46,9
2345,1006108,2021-47,17
2346,1006108,2021-48,34
2347,1006108,2021-49,5
2348,1006108,2021-50,7
2349,1006108,2021-51,15
2350,1006108,2021-52,2
2351,1006108,2022-1,109
2352,1006108,2022-2,77
2353,1006108,2022-3,8
2354,1006108,2022-4,12
2355,1006108,2022-5,23
2356,1006108,2022-52,2
2357,1006108,2022-6,12
2358,1010068,2021-39,7
2359,1010068,2021-40,20
2360,1010068,2021-41,12
2361,1010068,2021-42,11
2362,1010068,2021-43,19
2363,1010068,2021-44,18
2364,1010068,2021-45,16
2365,1010068,2021-46,11
2366,1010068,2021-47,14
2367,1010068,2021-48,64
2368,1010068,2021-49,60
2369,1010068,2021-50,3
2370,1010068,2021-51,12
2371,1010068,2021-52,13
2372,1010068,2022-1,13
2373,1010068,2022-2,2
2374,1010068,2022-3,6
2375,1010068,2022-4,7
2376,1010068,2022-5,4
2377,1010068,2022-52,0
2378,1010068,2022-6,16
2379,1013335,2021-39,6
2380,1013335,2021-40,10
2381,1013335,2021-41,12
2382,1013335,2021-42,8
2383,1013335,2021-43,15
2384,1013335,2021-44,6
2385,1013335,2021-45,5
2386,1013335,2021-46,9
2387,1013335,2021-47,7
2388,1013335,2021-48,6
2389,1013335,2021-49,3
2390,1013335,2021-50,6
2391,1013335,2021-51,6
2392,1013335,2021-52,11
2393,1013335,2022-1,14
2394,1013335,2022-2,17
2395,1013335,2022-3,18
2396,1013335,2022-4,14
2397,1013335,2022-5,7
2398,1013335,2022-52,1
2399,1013335,2022-6,11
2400,1015621,2021-39,2
2401,1015621,2021-40,5
2402,1015621,2021-41,3
2403,1015621,2021-42,5
2404,1015621,2021-43,2
2405,1015621,2021-44,1
2406,1015621,2021-45,2
2407,1015621,2021-46,3
2408,1015621,2021-47,7
2409,1015621,2021-48,1
2410,1015621,2021-49,9
2411,1015621,2021-50,3
2412,1015621,2021-51,11
2413,1015621,2021-52,2
2414,1015621,2022-1,4
2415,1015621,2022-2,7
2416,1015621,2022-3,9
2417,1015621,2022-4,10
2418,1015621,2022-5,5
2419,1015621,2022-52,0
2420,1015621,2022-6,17
2421,1021264,2021-39,4
2422,1021264,2021-40,9
2423,1021264,2021-41,13
2424,1021264,2021-42,5
2425,1021264,2021-43,6
2426,1021264,2021-44,10
2427,1021264,2021-45,5
2428,1021264,2021-46,14
2429,1021264,2021-47,8
2430,1021264,2021-48,9
2431,1021264,2021-49,24
2432,1021264,2021-50,22
2433,1021264,2021-51,1
2434,1021264,2021-52,32
2435,1021264,2022-1,9
2436,1021264,2022-2,8
2437,1021264,2022-3,21
2438,1021264,2022-4,11
2439,1021264,2022-5,17
2440,1021264,2022-52,13
2441,1021264,2022-6,7
2442,1024810,2021-39,18
2443,1024810,2021-40,59
2444,1024810,2021-41,49
2445,1024810,2021-42,34
2446,1024810,2021-43,38
2447,1024810,2021-44,66
2448,1024810,2021-45,55
2449,1024810,2021-46,50
2450,1024810,2021-47,53
2451,1024810,2021-48,75
2452,1024810,2021-49,85
2453,1024810,2021-50,113
2454,1024810,2021-51,113
2455,1024810,2021-52,68
2456,1024810,2022-1,20
2457,1024810,2022-2,36
2458,1024810,2022-3,0
2459,1024810,2022-4,121
2460,1024810,2022-5,86
2461,1024810,2022-52,28
2462,1024810,2022-6,21
2463,1026871,2021-39,4
2464,1026871,2021-40,13
2465,1026871,2021-41,17
2466,1026871,2021-42,13
2467,1026871,2021-43,20
2468,1026871,2021-44,9
2469,1026871,2021-45,14
2470,1026871,2021-46,10
2471,1026871,2021-47,13
2472,1026871,2021-48,9
2473,1026871,2021-49,10
2474,1026871,2021-50,8
2475,1026871,2021-51,9
2476,1026871,2021-52,1
2477,1026871,2022-1,4
2478,1026871,2022-2,8
2479,1026871,2022-3,16
2480,1026871,2022-4,14
2481,1026871,2022-5,10
2482,1026871,2022-52,0
2483,1026871,2022-6,11
2484,1030948,2021-40,2
2485,1030948,2021-41,7
2486,1030948,2021-42,6
2487,1030948,2021-43,12
2488,1030948,2021-44,4
2489,1030948,2021-45,9
2490,1030948,2021-46,1
2491,1030948,2021-47,5
2492,1030948,2021-48,5
2493,1030948,2021-49,7
2494,1030948,2021-50,9
2495,1030948,2021-51,5
2496,1030948,2021-52,3
2497,1030948,2022-1,5
2498,1030948,2022-2,3
2499,1030948,2022-3,6
2500,1030948,2022-4,10
2501,1030948,2022-5,5
2502,1030948,2022-52,3
2503,1030948,2022-6,5
2504,1032532,2021-39,44
2505,1032532,2021-40,53
2506,1032532,2021-41,54
2507,1032532,2021-42,70
2508,1032532,2021-43,73
2509,1032532,2021-44,138
2510,1032532,2021-45,101
2511,1032532,2021-46,73
2512,1032532,2021-47,73
2513,1032532,2021-48,74
2514,1032532,2021-49,186
2515,1032532,2021-50,89
2516,1032532,2021-51,129
2517,1032532,2021-52,67
2518,1032532,2022-1,122
2519,1032532,2022-2,93
2520,1032532,2022-3,159
2521,1032532,2022-4,108
2522,1032532,2022-5,163
2523,1032532,2022-52,36
2524,1032532,2022-6,153
2525,1032541,2021-39,129
2526,1032541,2021-40,60
2527,1032541,2021-41,44
2528,1032541,2021-42,65
2529,1032541,2021-43,56
2530,1032541,2021-44,197
2531,1032541,2021-45,257
2532,1032541,2021-46,52
2533,1032541,2021-47,47
2534,1032541,2021-48,68
2535,1032541,2021-49,166
2536,1032541,2021-50,61
2537,1032541,2021-51,97
2538,1032541,2021-52,107
2539,1032541,2022-1,100
2540,1032541,2022-2,75
2541,1032541,2022-3,267
2542,1032541,2022-4,144
2543,1032541,2022-5,244
2544,1032541,2022-52,15
2545,1032541,2022-6,165
2546,1032550,2021-39,74
2547,1032550,2021-40,16
2548,1032550,2021-41,9
2549,1032550,2021-42,18
2550,1032550,2021-43,8
2551,1032550,2021-44,11
2552,1032550,2021-45,24
2553,1032550,2021-46,3
2554,1032550,2021-47,6
2555,1032550,2021-48,7
2556,1032550,2021-49,11
2557,1032550,2021-50,5
2558,1032550,2021-51,12
2559,1032550,2021-52,7
2560,1032550,2022-1,33
2561,1032550,2022-2,12
2562,1032550,2022-3,11
2563,1032550,2022-4,8
2564,1032550,2022-5,24
2565,1032550,2022-52,5
2566,1032550,2022-6,13
2567,1032559,2021-39,9
2568,1032559,2021-40,17
2569,1032559,2021-41,18
2570,1032559,2021-42,9
2571,1032559,2021-43,3
2572,1032559,2021-44,12
2573,1032559,2021-45,13
2574,1032559,2021-46,9
2575,1032559,2021-47,10
2576,1032559,2021-48,13
2577,1032559,2021-49,16
2578,1032559,2021-50,25
2579,1032559,2021-51,39
2580,1032559,2021-52,17
2581,1032559,2022-1,20
2582,1032559,2022-2,27
2583,1032559,2022-3,25
2584,1032559,2022-4,16
2585,1032559,2022-5,22
2586,1032559,2022-52,2
2587,1032559,2022-6,16
2588,1032568,2021-39,123
2589,1032568,2021-40,10
2590,1032568,2021-41,10
2591,1032568,2021-42,4
2592,1032568,2021-43,11
2593,1032568,2021-44,8
2594,1032568,2021-45,7
2595,1032568,2021-46,10
2596,1032568,2021-47,6
2597,1032568,2021-48,10
2598,1032568,2021-49,6
2599,1032568,2021-50,4
2600,1032568,2021-51,10
2601,1032568,2021-52,5
2602,1032568,2022-1,6
2603,1032568,2022-2,17
2604,1032568,2022-3,10
2605,1032568,2022-4,8
2606,1032568,2022-5,6
2607,1032568,2022-52,4
2608,1032568,2022-6,3
2609,1032586,2021-39,9
2610,1032586,2021-40,21
2611,1032586,2021-41,17
2612,1032586,2021-42,16
2613,1032586,2021-43,11
2614,1032586,2021-44,28
2615,1032586,2021-45,13
2616,1032586,2021-46,12
2617,1032586,2021-47,12
2618,1032586,2021-48,33
2619,1032586,2021-49,19
2620,1032586,2021-50,20
2621,1032586,2021-51,18
2622,1032586,2021-52,11
2623,1032586,2022-1,19
2624,1032586,2022-2,24
2625,1032586,2022-3,31
2626,1032586,2022-4,21
2627,1032586,2022-5,28
2628,1032586,2022-52,5
2629,1032586,2022-6,19
2630,1044502,2021-39,6
2631,1044502,2021-40,30
2632,1044502,2021-41,13
2633,1044502,2021-42,23
2634,1044502,2021-43,22
2635,1044502,2021-44,12
2636,1044502,2021-45,17
2637,1044502,2021-46,11
2638,1044502,2021-47,12
2639,1044502,2021-48,22
2640,1044502,2021-49,14
2641,1044502,2021-50,11
2642,1044502,2021-51,17
2643,1044502,2021-52,13
2644,1044502,2022-1,19
2645,1044502,2022-2,11
2646,1044502,2022-3,5
2647,1044502,2022-4,8
2648,1044502,2022-5,15
2649,1044502,2022-52,7
2650,1044502,2022-6,18
2651,1044610,2021-39,2
2652,1044610,2021-40,6
2653,1044610,2021-41,13
2654,1044610,2021-42,8
2655,1044610,2021-43,13
2656,1044610,2021-44,8
2657,1044610,2021-45,3
2658,1044610,2021-46,6
2659,1044610,2021-47,14
2660,1044610,2021-48,12
2661,1044610,2021-49,14
2662,1044610,2021-50,24
2663,1044610,2021-51,12
2664,1044610,2021-52,22
2665,1044610,2022-1,14
2666,1044610,2022-2,17
2667,1044610,2022-3,13
2668,1044610,2022-4,5
2669,1044610,2022-5,10
2670,1044610,2022-52,2
2671,1044610,2022-6,4
2672,1044619,2021-39,14
2673,1044619,2021-40,52
2674,1044619,2021-41,52
2675,1044619,2021-42,21
2676,1044619,2021-43,25
2677,1044619,2021-44,61
2678,1044619,2021-45,13
2679,1044619,2021-46,31
2680,1044619,2021-47,39
2681,1044619,2021-48,40
2682,1044619,2021-49,35
2683,1044619,2021-50,36
2684,1044619,2021-51,53
2685,1044619,2021-52,42
2686,1044619,2022-1,43
2687,1044619,2022-2,29
2688,1044619,2022-3,42
2689,1044619,2022-4,36
2690,1044619,2022-5,36
2691,1044619,2022-52,13
2692,1044619,2022-6,45
2693,1044682,2021-39,18
2694,1044682,2021-40,45
2695,1044682,2021-41,42
2696,1044682,2021-42,21
2697,1044682,2021-43,42
2698,1044682,2021-44,41
2699,1044682,2021-45,23
2700,1044682,2021-46,64
2701,1044682,2021-47,46
2702,1044682,2021-48,45
2703,1044682,2021-49,71
2704,1044682,2021-50,59
2705,1044682,2021-51,45
2706,1044682,2021-52,20
2707,1044682,2022-1,46
2708,1044682,2022-2,52
2709,1044682,2022-3,45
2710,1044682,2022-4,54
2711,1044682,2022-5,33
2712,1044682,2022-52,10
2713,1044682,2022-6,34
2714,1044691,2021-39,5
2715,1044691,2021-40,13
2716,1044691,2021-41,16
2717,1044691,2021-42,11
2718,1044691,2021-43,20
2719,1044691,2021-44,13
2720,1044691,2021-45,12
2721,1044691,2021-46,22
2722,1044691,2021-47,28
2723,1044691,2021-48,27
2724,1044691,2021-49,23
2725,1044691,2021-50,15
2726,1044691,2021-51,8
2727,1044691,2021-52,15
2728,1044691,2022-1,25
2729,1044691,2022-2,25
2730,1044691,2022-3,17
2731,1044691,2022-4,12
2732,1044691,2022-5,23
2733,1044691,2022-52,7
2734,1044691,2022-6,23
2735,1047130,2021-39,22
2736,1047130,2021-40,41
2737,1047130,2021-41,28
2738,1047130,2021-42,49
2739,1047130,2021-43,76
2740,1047130,2021-44,61
2741,1047130,2021-45,55
2742,1047130,2021-46,50
2743,1047130,2021-47,75
2744,1047130,2021-48,54
2745,1047130,2021-49,37
2746,1047130,2021-50,72
2747,1047130,2021-51,56
2748,1047130,2021-52,55
2749,1047130,2022-1,36
2750,1047130,2022-2,52
2751,1047130,2022-3,68
2752,1047130,2022-4,71
2753,1047130,2022-5,58
2754,1047130,2022-52,11
2755,1047130,2022-6,75
2756,1047967,2021-39,184
2757,1047967,2021-40,106
2758,1047967,2021-41,118
2759,1047967,2021-42,113
2760,1047967,2021-43,82
2761,1047967,2021-44,94
2762,1047967,2021-45,130
2763,1047967,2021-46,174
2764,1047967,2021-47,87
2765,1047967,2021-48,138
2766,1047967,2021-49,86
2767,1047967,2021-50,95
2768,1047967,2021-51,114
2769,1047967,2021-52,66
2770,1047967,2022-1,128
2771,1047967,2022-2,171
2772,1047967,2022-3,80
2773,1047967,2022-4,102
2774,1047967,2022-5,111
2775,1047967,2022-52,16
2776,1047967,2022-6,104
2777,1048975,2021-39,2
2778,1048975,2021-40,4
2779,1048975,2021-41,5
2780,1048975,2021-42,4
2781,1048975,2021-43,12
2782,1048975,2021-44,8
2783,1048975,2021-45,5
2784,1048975,2021-46,25
2785,1048975,2021-47,6
2786,1048975,2021-48,23
2787,1048975,2021-49,14
2788,1048975,2021-50,8
2789,1048975,2021-51,17
2790,1048975,2021-52,10
2791,1048975,2022-1,19
2792,1048975,2022-2,14
2793,1048975,2022-3,15
2794,1048975,2022-4,40
2795,1048975,2022-5,64
2796,1048975,2022-52,3
2797,1048975,2022-6,35
2798,1049776,2021-39,9
2799,1049776,2021-40,15
2800,1049776,2021-41,10
2801,1049776,2021-42,12
2802,1049776,2021-43,16
2803,1049776,2021-44,12
2804,1049776,2021-45,18
2805,1049776,2021-46,17
2806,1049776,2021-47,28
2807,1049776,2021-48,35
2808,1049776,2021-49,35
2809,1049776,2021-50,42
2810,1049776,2021-51,51
2811,1049776,2021-52,14
2812,1049776,2022-1,1
2813,1049776,2022-2,18
2814,1049776,2022-3,34
2815,1049776,2022-4,32
2816,1049776,2022-5,29
2817,1049776,2022-52,5
2818,1049776,2022-6,27
2819,1050046,2021-39,8
2820,1050046,2021-40,9
2821,1050046,2021-41,12
2822,1050046,2021-42,16
2823,1050046,2021-43,22
2824,1050046,2021-44,17
2825,1050046,2021-45,11
2826,1050046,2021-46,37
2827,1050046,2021-47,32
2828,1050046,2021-48,19
2829,1050046,2021-49,69
2830,1050046,2021-50,30
2831,1050046,2021-51,19
2832,1050046,2021-52,32
2833,1050046,2022-1,53
2834,1050046,2022-2,23
2835,1050046,2022-3,42
2836,1050046,2022-4,13
2837,1050046,2022-5,22
2838,1050046,2022-52,7
2839,1050046,2022-6,16
2840,1054978,2021-39,22
2841,1054978,2021-40,60
2842,1054978,2021-41,77
2843,1054978,2021-42,63
2844,1054978,2021-43,38
2845,1054978,2021-44,62
2846,1054978,2021-45,39
2847,1054978,2021-46,41
2848,1054978,2021-47,75
2849,1054978,2021-48,42
2850,1054978,2021-49,49
2851,1054978,2021-50,42
2852,1054978,2021-51,34
2853,1054978,2021-52,18
2854,1054978,2022-1,49
2855,1054978,2022-2,72
2856,1054978,2022-3,51
2857,1054978,2022-4,54
2858,1054978,2022-5,60
2859,1054978,2022-52,7
2860,1054978,2022-6,48
2861,1056463,2021-39,9
2862,1056463,2021-40,21
2863,1056463,2021-41,25
2864,1056463,2021-42,37
2865,1056463,2021-43,37
2866,1056463,2021-44,63
2867,1056463,2021-45,39
2868,1056463,2021-46,29
2869,1056463,2021-47,30
2870,1056463,2021-48,66
2871,1056463,2021-49,22
2872,1056463,2021-50,38
2873,1056463,2021-51,46
2874,1056463,2021-52,30
2875,1056463,2022-1,39
2876,1056463,2022-2,43
2877,1056463,2022-3,57
2878,1056463,2022-4,72
2879,1056463,2022-5,116
2880,1056463,2022-52,88
2881,1056463,2022-6,33
2882,1058713,2021-39,36
2883,1058713,2021-40,30
2884,1058713,2021-41,27
2885,1058713,2021-42,23
2886,1058713,2021-43,40
2887,1058713,2021-44,34
2888,1058713,2021-45,30
2889,1058713,2021-46,40
2890,1058713,2021-47,27
2891,1058713,2021-48,43
2892,1058713,2021-49,41
2893,1058713,2021-50,60
2894,1058713,2021-51,57
2895,1058713,2021-52,28
2896,1058713,2022-1,41
2897,1058713,2022-2,41
2898,1058713,2022-3,46
2899,1058713,2022-4,37
2900,1058713,2022-5,51
2901,1058713,2022-52,10
2902,1058713,2022-6,69
2903,1060630,2021-39,33
2904,1060630,2021-40,49
2905,1060630,2021-41,38
2906,1060630,2021-42,45
2907,1060630,2021-43,39
2908,1060630,2021-44,46
2909,1060630,2021-45,40
2910,1060630,2021-46,34
2911,1060630,2021-47,43
2912,1060630,2021-48,33
2913,1060630,2021-49,25
2914,1060630,2021-50,49
2915,1060630,2021-51,21
2916,1060630,2021-52,21
2917,1060630,2022-1,33
2918,1060630,2022-2,18
2919,1060630,2022-3,20
2920,1060630,2022-4,24
2921,1060630,2022-5,30
2922,1060630,2022-52,12
2923,1060630,2022-6,22
2924,1060909,2021-39,13
2925,1060909,2021-40,110
2926,1060909,2021-41,17
2927,1060909,2021-42,60
2928,1060909,2021-43,56
2929,1060909,2021-44,33
2930,1060909,2021-45,102
2931,1060909,2021-46,66
2932,1060909,2021-47,62
2933,1060909,2021-48,61
2934,1060909,2021-49,66
2935,1060909,2021-50,32
2936,1060909,2021-51,90
2937,1060909,2021-52,47
2938,1060909,2022-1,79
2939,1060909,2022-2,128
2940,1060909,2022-3,71
2941,1060909,2022-4,67
2942,1060909,2022-5,0
2943,1060909,2022-52,34
2944,1060909,2022-6,179
2945,1061341,2021-39,18
2946,1061341,2021-40,62
2947,1061341,2021-41,44
2948,1061341,2021-42,54
2949,1061341,2021-43,25
2950,1061341,2021-44,72
2951,1061341,2021-45,50
2952,1061341,2021-46,29
2953,1061341,2021-47,45
2954,1061341,2021-48,29
2955,1061341,2021-49,40
2956,1061341,2021-50,43
2957,1061341,2021-51,67
2958,1061341,2021-52,21
2959,1061341,2022-1,69
2960,1061341,2022-2,12
2961,1061341,2022-3,17
2962,1061341,2022-4,17
2963,1061341,2022-5,8
2964,1061341,2022-52,16
2965,1061638,2021-39,24
2966,1061638,2021-40,90
2967,1061638,2021-41,71
2968,1061638,2021-42,153
2969,1061638,2021-43,65
2970,1061638,2021-44,51
2971,1061638,2021-45,25
2972,1061638,2021-46,21
2973,1061638,2021-47,71
2974,1061638,2021-48,62
2975,1061638,2021-49,34
2976,1061638,2021-50,69
2977,1061638,2021-51,70
2978,1061638,2021-52,76
2979,1061638,2022-1,25
2980,1061638,2022-2,0
2981,1061638,2022-3,42
2982,1061638,2022-52,4
2983,1063600,2021-39,11
2984,1063600,2021-40,10
2985,1063600,2021-41,14
2986,1063600,2021-42,4
2987,1063600,2021-43,14
2988,1063600,2021-44,7
2989,1063600,2021-45,11
2990,1063600,2021-46,8
2991,1063600,2021-47,17
2992,1063600,2021-48,7
2993,1063600,2021-49,9
2994,1063600,2021-50,9
2995,1063600,2021-51,14
2996,1063600,2021-52,7
2997,1063600,2022-1,20
2998,1063600,2022-2,8
2999,1063600,2022-3,18
3000,1063600,2022-4,13
3001,1063600,2022-5,5
3002,1063600,2022-52,2
3003,1063600,2022-6,10
3004,1064473,2021-39,28
3005,1064473,2021-40,39
3006,1064473,2021-41,37
3007,1064473,2021-42,31
3008,1064473,2021-43,58
3009,1064473,2021-44,40
3010,1064473,2021-45,40
3011,1064473,2021-46,48
3012,1064473,2021-47,29
3013,1064473,2021-48,45
3014,1064473,2021-49,27
3015,1064473,2021-50,37
3016,1064473,2021-51,27
3017,1064473,2021-52,22
3018,1064473,2022-1,37
3019,1064473,2022-2,44
3020,1064473,2022-3,88
3021,1064473,2022-4,64
3022,1064473,2022-5,29
3023,1064473,2022-52,8
3024,1064473,2022-6,22
3025,1064572,2021-39,5
3026,1064572,2021-40,7
3027,1064572,2021-41,6
3028,1064572,2021-42,7
3029,1064572,2021-43,14
3030,1064572,2021-44,16
3031,1064572,2021-45,14
3032,1064572,2021-46,15
3033,1064572,2021-47,6
3034,1064572,2021-48,13
3035,1064572,2021-49,6
3036,1064572,2021-50,8
3037,1064572,2021-51,17
3038,1064572,2021-52,6
3039,1064572,2022-1,7
3040,1064572,2022-2,6
3041,1064572,2022-3,6
3042,1064572,2022-4,4
3043,1064572,2022-5,5
3044,1064572,2022-52,14
3045,1064572,2022-6,8
3046,1066570,2021-39,36
3047,1066570,2021-40,120
3048,1066570,2021-41,92
3049,1066570,2021-42,76
3050,1066570,2021-43,135
3051,1066570,2021-44,99
3052,1066570,2021-45,56
3053,1066570,2021-46,116
3054,1066570,2021-47,91
3055,1066570,2021-48,36
3056,1066570,2021-49,33
3057,1066570,2021-50,57
3058,1066570,2021-51,47
3059,1066570,2021-52,80
3060,1066570,2022-1,55
3061,1066570,2022-2,22
3062,1066570,2022-3,26
3063,1066570,2022-4,12
3064,1066570,2022-5,0
3065,1066570,2022-52,5
3066,1066570,2022-6,33
3067,1067074,2021-39,18
3068,1067074,2021-40,38
3069,1067074,2021-41,27
3070,1067074,2021-42,39
3071,1067074,2021-43,29
3072,1067074,2021-44,32
3073,1067074,2021-45,34
3074,1067074,2021-46,81
3075,1067074,2021-47,22
3076,1067074,2021-48,29
3077,1067074,2021-49,31
3078,1067074,2021-50,36
3079,1067074,2021-51,30
3080,1067074,2021-52,19
3081,1067074,2022-1,20
3082,1067074,2022-2,26
3083,1067074,2022-3,10
3084,1067074,2022-4,48
3085,1067074,2022-5,38
3086,1067074,2022-52,9
3087,1067074,2022-6,74
3088,1067092,2021-39,74
3089,1067092,2021-40,135
3090,1067092,2021-41,63
3091,1067092,2021-42,95
3092,1067092,2021-43,141
3093,1067092,2021-44,204
3094,1067092,2021-45,111
3095,1067092,2021-46,90
3096,1067092,2021-47,142
3097,1067092,2021-48,88
3098,1067092,2021-49,71
3099,1067092,2021-50,118
3100,1067092,2021-51,70
3101,1067092,2021-52,70
3102,1067092,2022-1,99
3103,1067092,2022-2,72
3104,1067092,2022-3,87
3105,1067092,2022-4,90
3106,1067092,2022-5,148
3107,1067092,2022-52,26
3108,1067092,2022-6,76
3109,1067119,2021-39,18
3110,1067119,2021-40,27
3111,1067119,2021-41,27
3112,1067119,2021-42,23
3113,1067119,2021-43,22
3114,1067119,2021-44,42
3115,1067119,2021-45,22
3116,1067119,2021-46,14
3117,1067119,2021-47,21
3118,1067119,2021-48,17
3119,1067119,2021-49,24
3120,1067119,2021-50,12
3121,1067119,2021-51,26
3122,1067119,2021-52,20
3123,1067119,2022-1,41
3124,1067119,2022-2,32
3125,1067119,2022-3,30
3126,1067119,2022-4,21
3127,1067119,2022-5,31
3128,1067119,2022-52,4
3129,1067119,2022-6,34
3130,1067128,2021-40,11
3131,1067128,2021-41,8
3132,1067128,2021-42,17
3133,1067128,2021-43,13
3134,1067128,2021-44,3
3135,1067128,2021-45,5
3136,1067128,2021-46,5
3137,1067128,2021-47,3
3138,1067128,2021-48,8
3139,1067128,2021-49,7
3140,1067128,2021-50,10
3141,1067128,2021-51,10
3142,1067128,2021-52,10
3143,1067128,2022-1,6
3144,1067128,2022-2,7
3145,1067128,2022-3,12
3146,1067128,2022-4,9
3147,1067128,2022-5,12
3148,1067128,2022-52,14
3149,1067128,2022-6,10
3150,1068883,2021-40,3
3151,1068883,2021-41,3
3152,1068883,2021-42,1
3153,1068883,2021-43,1
3154,1068883,2021-44,5
3155,1068883,2021-45,3
3156,1068883,2021-46,4
3157,1068883,2021-47,4
3158,1068883,2021-48,9
3159,1068883,2021-49,9
3160,1068883,2021-50,4
3161,1068883,2021-51,6
3162,1068883,2021-52,5
3163,1068883,2022-1,4
3164,1068883,2022-2,1
3165,1068883,2022-3,2
3166,1068883,2022-4,10
3167,1068883,2022-5,8
3168,1068883,2022-52,2
3169,1068883,2022-6,11
3170,1070818,2021-39,5
3171,1070818,2021-40,8
3172,1070818,2021-41,4
3173,1070818,2021-42,16
3174,1070818,2021-43,12
3175,1070818,2021-44,15
3176,1070818,2021-45,9
3177,1070818,2021-46,16
3178,1070818,2021-47,19
3179,1070818,2021-48,7
3180,1070818,2021-49,4
3181,1070818,2021-50,6
3182,1070818,2021-51,10
3183,1070818,2021-52,12
3184,1070818,2022-1,4
3185,1070818,2022-2,1
3186,1070818,2022-3,11
3187,1070818,2022-4,6
3188,1070818,2022-5,8
3189,1070818,2022-52,6
3190,1070818,2022-6,5
3191,1070836,2021-39,8
3192,1070836,2021-40,30
3193,1070836,2021-41,25
3194,1070836,2021-42,12
3195,1070836,2021-43,26
3196,1070836,2021-44,27
3197,1070836,2021-45,17
3198,1070836,2021-46,15
3199,1070836,2021-47,20
3200,1070836,2021-48,36
3201,1070836,2021-49,12
3202,1070836,2021-50,7
3203,1070836,2021-51,16
3204,1070836,2021-52,6
3205,1070836,2022-1,10
3206,1070836,2022-2,9
3207,1070836,2022-3,10
3208,1070836,2022-4,26
3209,1070836,2022-5,22
3210,1070836,2022-52,3
3211,1070836,2022-6,15
3212,1071106,2021-39,9
3213,1071106,2021-40,22
3214,1071106,2021-41,22
3215,1071106,2021-42,16
3216,1071106,2021-43,44
3217,1071106,2021-44,25
3218,1071106,2021-45,35
3219,1071106,2021-46,20
3220,1071106,2021-47,38
3221,1071106,2021-48,26
3222,1071106,2021-49,14
3223,1071106,2021-50,38
3224,1071106,2021-51,25
3225,1071106,2021-52,15
3226,1071106,2022-1,20
3227,1071106,2022-2,19
3228,1071106,2022-3,18
3229,1071106,2022-4,26
3230,1071106,2022-5,12
3231,1071106,2022-52,8
3232,1071106,2022-6,19
3233,1071115,2021-39,7
3234,1071115,2021-40,11
3235,1071115,2021-41,20
3236,1071115,2021-42,4
3237,1071115,2021-43,16
3238,1071115,2021-44,10
3239,1071115,2021-45,13
3240,1071115,2021-46,14
3241,1071115,2021-47,10
3242,1071115,2021-48,15
3243,1071115,2021-49,6
3244,1071115,2021-50,5
3245,1071115,2021-51,1
3246,1071115,2021-52,3
3247,1071115,2022-1,2
3248,1071115,2022-2,5
3249,1071115,2022-3,4
3250,1071115,2022-4,10
3251,1071115,2022-5,19
3252,1071115,2022-52,8
3253,1071115,2022-6,9
3254,1071124,2021-39,11
3255,1071124,2021-40,10
3256,1071124,2021-41,7
3257,1071124,2021-42,18
3258,1071124,2021-43,13
3259,1071124,2021-44,30
3260,1071124,2021-45,14
3261,1071124,2021-46,15
3262,1071124,2021-47,15
3263,1071124,2021-48,13
3264,1071124,2021-49,14
3265,1071124,2021-50,7
3266,1071124,2021-51,10
3267,1071124,2021-52,6
3268,1071124,2022-1,3
3269,1071124,2022-2,16
3270,1071124,2022-3,10
3271,1071124,2022-4,11
3272,1071124,2022-5,5
3273,1071124,2022-52,5
3274,1071124,2022-6,2
3275,1074823,2021-39,60
3276,1074823,2021-40,227
3277,1074823,2021-41,365
3278,1074823,2021-42,398
3279,1074823,2021-43,303
3280,1074823,2021-44,121
3281,1074823,2021-45,345
3282,1074823,2021-46,365
3283,1074823,2021-47,393
3284,1074823,2021-48,42
3285,1074823,2021-49,48
3286,1074823,2021-50,0
3287,1074823,2021-51,48
3288,1074823,2021-52,0
3289,1074823,2022-1,36
3290,1074823,2022-2,59
3291,1074823,2022-3,0
3292,1074823,2022-4,9
3293,1074823,2022-5,79
3294,1074823,2022-52,0
3295,1075651,2021-40,5
3296,1075651,2021-41,2
3297,1075651,2021-42,4
3298,1075651,2021-43,4
3299,1075651,2021-44,7
3300,1075651,2021-45,13
3301,1075651,2021-46,5
3302,1075651,2021-47,11
3303,1075651,2021-48,14
3304,1075651,2021-49,15
3305,1075651,2021-50,13
3306,1075651,2021-51,23
3307,1075651,2021-52,17
3308,1075651,2022-1,11
3309,1075651,2022-2,6
3310,1075651,2022-3,1
3311,1075651,2022-4,7
3312,1075651,2022-5,17
3313,1075651,2022-52,0
3314,1075651,2022-6,18
3315,1076920,2021-39,4
3316,1076920,2021-40,19
3317,1076920,2021-41,9
3318,1076920,2021-42,13
3319,1076920,2021-43,10
3320,1076920,2021-44,9
3321,1076920,2021-45,12
3322,1076920,2021-46,13
3323,1076920,2021-47,9
3324,1076920,2021-48,9
3325,1076920,2021-49,9
3326,1076920,2021-50,14
3327,1076920,2021-51,17
3328,1076920,2021-52,6
3329,1076920,2022-1,7
3330,1076920,2022-2,3
3331,1076920,2022-3,4
3332,1076920,2022-4,7
3333,1076920,2022-5,3
3334,1076920,2022-52,1
3335,1076920,2022-6,8
3336,1076929,2021-39,2
3337,1076929,2021-40,4
3338,1076929,2021-41,7
3339,1076929,2021-42,6
3340,1076929,2021-43,3
3341,1076929,2021-44,5
3342,1076929,2021-45,5
3343,1076929,2021-46,5
3344,1076929,2021-47,2
3345,1076929,2021-48,1
3346,1076929,2021-49,3
3347,1076929,2021-50,8
3348,1076929,2021-51,59
3349,1076929,2021-52,63
3350,1076929,2022-1,3
3351,1076929,2022-2,3
3352,1076929,2022-3,7
3353,1076929,2022-4,10
3354,1076929,2022-5,6
3355,1076929,2022-52,0
3356,1076929,2022-6,6
3357,1076938,2021-39,6
3358,1076938,2021-40,8
3359,1076938,2021-41,4
3360,1076938,2021-42,4
3361,1076938,2021-43,9
3362,1076938,2021-44,17
3363,1076938,2021-45,6
3364,1076938,2021-46,7
3365,1076938,2021-47,7
3366,1076938,2021-48,10
3367,1076938,2021-49,5
3368,1076938,2021-50,53
3369,1076938,2021-51,1
3370,1076938,2021-52,9
3371,1076938,2022-1,4
3372,1076938,2022-2,2
3373,1076938,2022-3,79
3374,1076938,2022-4,56
3375,1076938,2022-5,2
3376,1076938,2022-52,2
3377,1077118,2021-39,7
3378,1077118,2021-40,10
3379,1077118,2021-41,7
3380,1077118,2021-42,0
3381,1077118,2021-43,0
3382,1077118,2021-44,0
3383,1077118,2021-45,0
3384,1077118,2021-46,0
3385,1077118,2021-47,0
3386,1077118,2021-48,0
3387,1077118,2021-49,10
3388,1077118,2021-50,24
3389,1077118,2021-51,17
3390,1077118,2021-52,14
3391,1077118,2022-1,16
3392,1077118,2022-2,18
3393,1077118,2022-3,28
3394,1077118,2022-4,34
3395,1077118,2022-5,46
3396,1077118,2022-52,3
3397,1077118,2022-6,13
3398,1081060,2021-39,52
3399,1081060,2021-40,83
3400,1081060,2021-41,62
3401,1081060,2021-42,62
3402,1081060,2021-43,32
3403,1081060,2021-44,84
3404,1081060,2021-45,96
3405,1081060,2021-46,81
3406,1081060,2021-47,93
3407,1081060,2021-48,67
3408,1081060,2021-49,36
3409,1081060,2021-50,49
3410,1081060,2021-51,40
3411,1081060,2021-52,23
3412,1081060,2022-1,50
3413,1081060,2022-2,16
3414,1081060,2022-3,38
3415,1081060,2022-4,46
3416,1081060,2022-5,23
3417,1081060,2022-52,7
3418,1081060,2022-6,25
3419,1081069,2021-39,12
3420,1081069,2021-40,14
3421,1081069,2021-41,26
3422,1081069,2021-42,12
3423,1081069,2021-43,8
3424,1081069,2021-44,17
3425,1081069,2021-45,19
3426,1081069,2021-46,18
3427,1081069,2021-47,8
3428,1081069,2021-48,15
3429,1081069,2021-49,14
3430,1081069,2021-50,13
3431,1081069,2021-51,15
3432,1081069,2021-52,7
3433,1081069,2022-1,17
3434,1081069,2022-2,10
3435,1081069,2022-3,21
3436,1081069,2022-4,24
3437,1081069,2022-5,17
3438,1081069,2022-52,6
3439,1081069,2022-6,9
3440,1081078,2021-39,8
3441,1081078,2021-40,11
3442,1081078,2021-41,6
3443,1081078,2021-42,12
3444,1081078,2021-43,17
3445,1081078,2021-44,19
3446,1081078,2021-45,8
3447,1081078,2021-46,22
3448,1081078,2021-47,3
3449,1081078,2021-48,21
3450,1081078,2021-49,21
3451,1081078,2021-50,8
3452,1081078,2021-51,13
3453,1081078,2021-52,6
3454,1081078,2022-1,16
3455,1081078,2022-2,15
3456,1081078,2022-3,11
3457,1081078,2022-4,5
3458,1081078,2022-5,2
3459,1081078,2022-52,5
3460,1081078,2022-6,11
3461,1081087,2021-40,11
3462,1081087,2021-41,14
3463,1081087,2021-42,28
3464,1081087,2021-43,19
3465,1081087,2021-44,35
3466,1081087,2021-45,24
3467,1081087,2021-46,31
3468,1081087,2021-47,51
3469,1081087,2021-48,42
3470,1081087,2021-49,13
3471,1081087,2021-50,37
3472,1081087,2021-51,16
3473,1081087,2021-52,5
3474,1081087,2022-1,6
3475,1081087,2022-2,0
3476,1081087,2022-3,8
3477,1081087,2022-4,28
3478,1081087,2022-52,16
3479,1081321,2021-39,7
3480,1081321,2021-40,27
3481,1081321,2021-41,26
3482,1081321,2021-42,19
3483,1081321,2021-43,7
3484,1081321,2021-44,17
3485,1081321,2021-45,18
3486,1081321,2021-46,9
3487,1081321,2021-47,16
3488,1081321,2021-48,12
3489,1081321,2021-49,20
3490,1081321,2021-50,15
3491,1081321,2021-51,26
3492,1081321,2021-52,13
3493,1081321,2022-1,32
3494,1081321,2022-2,22
3495,1081321,2022-3,2
3496,1081321,2022-4,0
3497,1081321,2022-5,0
3498,1081321,2022-52,5
3499,1081321,2022-6,6
3500,1081339,2021-40,20
3501,1081339,2021-41,0
3502,1081339,2021-42,3
3503,1081339,2021-43,23
3504,1081339,2021-44,9
3505,1081339,2021-45,29
3506,1081339,2021-46,14
3507,1081339,2021-47,18
3508,1081339,2021-48,14
3509,1081339,2021-49,15
3510,1081339,2021-50,32
3511,1081339,2021-51,36
3512,1081339,2021-52,13
3513,1081339,2022-1,11
3514,1081339,2022-2,3
3515,1081339,2022-3,4
3516,1081339,2022-4,0
3517,1081339,2022-5,0
3518,1081339,2022-52,6
3519,1081339,2022-6,3
3520,1082743,2021-39,5
3521,1082743,2021-40,6
3522,1082743,2021-41,12
3523,1082743,2021-42,4
3524,1082743,2021-43,4
3525,1082743,2021-44,2
3526,1082743,2021-45,9
3527,1082743,2021-46,12
3528,1082743,2021-47,8
3529,1082743,2021-48,16
3530,1082743,2021-49,13
3531,1082743,2021-50,9
3532,1082743,2021-51,15
3533,1082743,2021-52,13
3534,1082743,2022-1,24
3535,1082743,2022-2,9
3536,1082743,2022-3,75
3537,1082743,2022-4,60
3538,1082743,2022-5,0
3539,1082743,2022-52,11
3540,1082743,2022-6,83
3541,1084498,2021-39,15
3542,1084498,2021-40,25
3543,1084498,2021-41,33
3544,1084498,2021-42,0
3545,1084498,2021-43,16
3546,1084498,2021-44,18
3547,1084498,2021-45,15
3548,1084498,2021-46,31
3549,1084498,2021-47,35
3550,1084498,2021-48,42
3551,1084498,2021-49,25
3552,1084498,2021-50,24
3553,1084498,2021-51,27
3554,1084498,2021-52,22
3555,1084498,2022-1,23
3556,1084498,2022-2,31
3557,1084498,2022-3,25
3558,1084498,2022-4,23
3559,1084498,2022-5,37
3560,1084498,2022-52,6
3561,1084498,2022-6,7
3562,1085749,2021-39,2
3563,1085749,2021-40,2
3564,1085749,2021-41,8
3565,1085749,2021-42,14
3566,1085749,2021-43,9
3567,1085749,2021-44,7
3568,1085749,2021-45,2
3569,1085749,2021-46,9
3570,1085749,2021-47,10
3571,1085749,2021-48,9
3572,1085749,2021-49,5
3573,1085749,2021-50,25
3574,1085749,2021-51,16
3575,1085749,2021-52,7
3576,1085749,2022-1,9
3577,1085749,2022-2,17
3578,1085749,2022-3,14
3579,1085749,2022-4,11
3580,1085749,2022-5,22
3581,1085749,2022-52,1
3582,1085749,2022-6,12
3583,1090024,2021-39,12
3584,1090024,2021-40,22
3585,1090024,2021-41,13
3586,1090024,2021-42,24
3587,1090024,2021-43,17
3588,1090024,2021-44,14
3589,1090024,2021-45,10
3590,1090024,2021-46,20
3591,1090024,2021-47,21
3592,1090024,2021-48,10
3593,1090024,2021-49,14
3594,1090024,2021-50,13
3595,1090024,2021-51,9
3596,1090024,2021-52,6
3597,1090024,2022-1,20
3598,1090024,2022-2,29
3599,1090024,2022-3,17
3600,1090024,2022-4,33
3601,1090024,2022-5,46
3602,1090024,2022-52,2
3603,1090024,2022-6,64
3604,1090105,2021-39,2
3605,1090105,2021-40,5
3606,1090105,2021-41,8
3607,1090105,2021-42,8
3608,1090105,2021-43,2
3609,1090105,2021-44,8
3610,1090105,2021-45,5
3611,1090105,2021-46,2
3612,1090105,2021-47,8
3613,1090105,2021-48,7
3614,1090105,2021-49,5
3615,1090105,2021-50,7
3616,1090105,2021-51,3
3617,1090105,2021-52,2
3618,1090105,2022-1,10
3619,1090105,2022-2,6
3620,1090105,2022-3,4
3621,1090105,2022-4,2
3622,1090105,2022-5,6
3623,1090105,2022-52,6
3624,1090105,2022-6,5
3625,1090114,2021-39,2
3626,1090114,2021-40,5
3627,1090114,2021-41,6
3628,1090114,2021-42,5
3629,1090114,2021-43,2
3630,1090114,2021-44,9
3631,1090114,2021-45,3
3632,1090114,2021-46,1
3633,1090114,2021-47,4
3634,1090114,2021-48,10
3635,1090114,2021-49,4
3636,1090114,2021-50,2
3637,1090114,2021-51,2
3638,1090114,2021-52,2
3639,1090114,2022-1,4
3640,1090114,2022-2,10
3641,1090114,2022-3,2
3642,1090114,2022-4,6
3643,1090114,2022-5,8
3644,1090114,2022-52,7
3645,1090114,2022-6,10
3646,1090240,2021-39,8
3647,1090240,2021-40,23
3648,1090240,2021-41,29
3649,1090240,2021-42,12
3650,1090240,2021-43,24
3651,1090240,2021-44,19
3652,1090240,2021-45,21
3653,1090240,2021-46,29
3654,1090240,2021-47,17
3655,1090240,2021-48,28
3656,1090240,2021-49,131
3657,1090240,2021-50,44
3658,1090240,2021-51,27
3659,1090240,2021-52,11
3660,1090240,2022-1,140
3661,1090240,2022-2,80
3662,1090240,2022-3,8
3663,1090240,2022-4,7
3664,1090240,2022-5,8
3665,1090240,2022-52,4
3666,1090240,2022-6,12
3667,1090249,2021-39,13
3668,1090249,2021-40,9
3669,1090249,2021-41,9
3670,1090249,2021-42,10
3671,1090249,2021-43,11
3672,1090249,2021-44,13
3673,1090249,2021-45,27
3674,1090249,2021-46,50
3675,1090249,2021-47,25
3676,1090249,2021-48,18
3677,1090249,2021-49,13
3678,1090249,2021-50,6
3679,1090249,2021-51,31
3680,1090249,2021-52,19
3681,1090249,2022-1,44
3682,1090249,2022-52,4
3683,1090258,2021-39,3
3684,1090258,2021-40,6
3685,1090258,2021-41,6
3686,1090258,2021-42,5
3687,1090258,2021-43,79
3688,1090258,2021-44,44
3689,1090258,2021-45,2
3690,1090258,2021-46,4
3691,1090258,2021-47,8
3692,1090258,2021-48,92
3693,1090258,2021-49,21
3694,1090258,2021-50,1
3695,1090258,2021-51,6
3696,1090258,2021-52,6
3697,1090258,2022-1,7
3698,1090258,2022-2,72
3699,1090258,2022-3,38
3700,1090258,2022-4,18
3701,1090258,2022-5,19
3702,1090258,2022-52,1
3703,1090258,2022-6,35
3704,1090276,2021-39,4
3705,1090276,2021-40,24
3706,1090276,2021-41,15
3707,1090276,2021-42,5
3708,1090276,2021-43,18
3709,1090276,2021-44,7
3710,1090276,2021-45,16
3711,1090276,2021-46,16
3712,1090276,2021-47,11
3713,1090276,2021-48,9
3714,1090276,2021-49,5
3715,1090276,2021-50,4
3716,1090276,2021-51,11
3717,1090276,2021-52,11
3718,1090276,2022-1,4
3719,1090276,2022-2,6
3720,1090276,2022-3,2
3721,1090276,2022-4,11
3722,1090276,2022-5,7
3723,1090276,2022-52,1
3724,1090276,2022-6,13
3725,1090294,2021-40,11
3726,1090294,2021-41,8
3727,1090294,2021-42,5
3728,1090294,2021-43,0
3729,1090294,2021-44,0
3730,1090294,2021-45,0
3731,1090294,2021-46,14
3732,1090294,2021-47,6
3733,1090294,2021-48,11
3734,1090294,2021-49,10
3735,1090294,2021-50,5
3736,1090294,2021-51,11
3737,1090294,2021-52,5
3738,1090294,2022-1,2
3739,1090294,2022-2,10
3740,1090294,2022-3,17
3741,1090294,2022-4,9
3742,1090294,2022-5,14
3743,1090294,2022-52,1
3744,1090294,2022-6,11
3745,1090303,2021-39,3
3746,1090303,2021-40,6
3747,1090303,2021-41,10
3748,1090303,2021-42,7
3749,1090303,2021-43,6
3750,1090303,2021-44,5
3751,1090303,2021-45,0
3752,1090303,2021-46,0
3753,1090303,2021-47,3
3754,1090303,2021-48,8
3755,1090303,2021-49,6
3756,1090303,2021-50,7
3757,1090303,2021-51,13
3758,1090303,2021-52,8
3759,1090303,2022-1,4
3760,1090303,2022-2,14
3761,1090303,2022-3,16
3762,1090303,2022-4,9
3763,1090303,2022-5,7
3764,1090303,2022-52,0
3765,1090303,2022-6,11
3766,1092184,2021-39,7
3767,1092184,2021-40,15
3768,1092184,2021-41,16
3769,1092184,2021-42,12
3770,1092184,2021-43,25
3771,1092184,2021-44,16
3772,1092184,2021-45,8
3773,1092184,2021-46,10
3774,1092184,2021-47,14
3775,1092184,2021-48,38
3776,1092184,2021-49,23
3777,1092184,2021-50,10
3778,1092184,2021-51,28
3779,1092184,2021-52,23
3780,1092184,2022-1,13
3781,1092184,2022-2,20
3782,1092184,2022-3,19
3783,1092184,2022-4,21
3784,1092184,2022-5,28
3785,1092184,2022-52,7
3786,1092184,2022-6,22
3787,1097143,2021-40,30
3788,1097143,2021-41,30
3789,1097143,2021-42,10
3790,1097143,2021-43,12
3791,1097143,2021-44,40
3792,1097143,2021-45,9
3793,1097143,2021-46,23
3794,1097143,2021-47,33
3795,1097143,2021-48,22
3796,1097143,2021-49,32
3797,1097143,2021-50,20
3798,1097143,2021-51,38
3799,1097143,2021-52,56
3800,1097143,2022-1,117
3801,1097143,2022-2,52
3802,1097143,2022-3,42
3803,1097143,2022-4,63
3804,1097143,2022-5,77
3805,1097143,2022-52,7
3806,1097143,2022-6,74
3807,1098493,2021-39,6
3808,1098493,2021-40,7
3809,1098493,2021-41,6
3810,1098493,2021-42,11
3811,1098493,2021-43,7
3812,1098493,2021-44,12
3813,1098493,2021-45,8
3814,1098493,2021-46,6
3815,1098493,2021-47,8
3816,1098493,2021-48,5
3817,1098493,2021-49,9
3818,1098493,2021-50,8
3819,1098493,2021-51,8
3820,1098493,2021-52,15
3821,1098493,2022-1,10
3822,1098493,2022-2,14
3823,1098493,2022-3,7
3824,1098493,2022-4,13
3825,1098493,2022-5,11
3826,1098493,2022-52,4
3827,1098493,2022-6,7
3828,1098502,2021-39,3
3829,1098502,2021-40,8
3830,1098502,2021-41,7
3831,1098502,2021-42,4
3832,1098502,2021-43,9
3833,1098502,2021-44,3
3834,1098502,2021-45,9
3835,1098502,2021-46,3
3836,1098502,2021-47,9
3837,1098502,2021-48,9
3838,1098502,2021-49,4
3839,1098502,2021-50,5
3840,1098502,2021-51,5
3841,1098502,2021-52,5
3842,1098502,2022-1,6
3843,1098502,2022-2,2
3844,1098502,2022-3,10
3845,1098502,2022-4,9
3846,1098502,2022-5,10
3847,1098502,2022-52,1
3848,1098502,2022-6,5
3849,1101553,2021-39,4
3850,1101553,2021-40,11
3851,1101553,2021-41,10
3852,1101553,2021-42,5
3853,1101553,2021-43,3
3854,1101553,2021-44,5
3855,1101553,2021-45,9
3856,1101553,2021-46,5
3857,1101553,2021-47,6
3858,1101553,2021-48,3
3859,1101553,2021-49,16
3860,1101553,2021-50,17
3861,1101553,2021-51,5
3862,1101553,2021-52,5
3863,1101553,2022-1,21
3864,1101553,2022-2,8
3865,1101553,2022-3,2
3866,1101553,2022-4,1
3867,1101553,2022-5,5
3868,1101553,2022-52,1
3869,1101553,2022-6,1
3870,1101562,2021-39,6
3871,1101562,2021-40,9
3872,1101562,2021-41,8
3873,1101562,2021-42,10
3874,1101562,2021-43,19
3875,1101562,2021-44,4
3876,1101562,2021-45,13
3877,1101562,2021-46,9
3878,1101562,2021-47,10
3879,1101562,2021-48,0
3880,1101562,2021-49,7
3881,1101562,2021-50,27
3882,1101562,2021-51,31
3883,1101562,2021-52,8
3884,1101562,2022-1,6
3885,1101562,2022-2,14
3886,1101562,2022-3,13
3887,1101562,2022-4,2
3888,1101562,2022-5,6
3889,1101562,2022-52,4
3890,1101562,2022-6,7
3891,1101571,2021-39,2
3892,1101571,2021-40,7
3893,1101571,2021-41,18
3894,1101571,2021-42,7
3895,1101571,2021-43,6
3896,1101571,2021-44,7
3897,1101571,2021-45,3
3898,1101571,2021-46,8
3899,1101571,2021-47,4
3900,1101571,2021-48,3
3901,1101571,2021-49,2
3902,1101571,2021-50,2
3903,1101571,2021-51,81
3904,1101571,2021-52,87
3905,1101571,2022-1,1
3906,1101571,2022-2,57
3907,1101571,2022-3,56
3908,1101571,2022-4,8
3909,1101571,2022-5,7
3910,1101571,2022-52,1
3911,1101571,2022-6,17
3912,1101661,2021-39,5
3913,1101661,2021-40,22
3914,1101661,2021-41,26
3915,1101661,2021-42,14
3916,1101661,2021-43,41
3917,1101661,2021-44,23
3918,1101661,2021-45,14
3919,1101661,2021-46,45
3920,1101661,2021-47,38
3921,1101661,2021-48,27
3922,1101661,2021-49,26
3923,1101661,2021-50,57
3924,1101661,2021-51,27
3925,1101661,2021-52,27
3926,1101661,2022-1,31
3927,1101661,2022-2,53
3928,1101661,2022-3,65
3929,1101661,2022-4,39
3930,1101661,2022-5,53
3931,1101661,2022-52,4
3932,1101661,2022-6,27
3933,1101769,2021-39,8
3934,1101769,2021-40,3
3935,1101769,2021-41,0
3936,1101769,2021-42,0
3937,1101769,2021-43,18
3938,1101769,2021-44,20
3939,1101769,2021-45,22
3940,1101769,2021-46,17
3941,1101769,2021-47,14
3942,1101769,2021-48,1
3943,1101769,2021-49,0
3944,1101769,2021-50,2
3945,1101769,2021-51,0
3946,1101769,2021-52,0
3947,1101769,2022-1,5
3948,1101769,2022-2,7
3949,1101769,2022-3,20
3950,1101769,2022-4,32
3951,1101769,2022-5,20
3952,1101769,2022-52,0
3953,1101769,2022-6,33
3954,1103056,2021-41,8
3955,1103056,2021-42,12
3956,1103056,2021-43,28
3957,1103056,2021-44,27
3958,1103056,2021-45,20
3959,1103056,2021-46,17
3960,1103056,2021-47,24
3961,1103056,2021-48,19
3962,1103056,2021-49,12
3963,1103056,2021-50,7
3964,1103056,2021-51,18
3965,1103056,2021-52,11
3966,1103056,2022-1,16
3967,1103056,2022-2,16
3968,1103056,2022-3,15
3969,1103056,2022-4,13
3970,1103056,2022-5,18
3971,1103056,2022-52,3
3972,1103056,2022-6,10
3973,1105009,2021-42,5
3974,1105009,2021-43,5
3975,1105009,2021-44,10
3976,1105009,2021-45,17
3977,1105009,2021-46,17
3978,1105009,2021-47,4
3979,1105009,2021-48,6
3980,1105009,2021-49,9
3981,1105009,2021-50,4
3982,1105009,2021-51,7
3983,1105009,2021-52,2
3984,1105009,2022-1,6
3985,1105009,2022-2,6
3986,1105009,2022-3,7
3987,1105009,2022-4,5
3988,1105009,2022-5,9
3989,1105009,2022-52,1
3990,1105009,2022-6,11
3991,1105018,2021-43,3
3992,1105018,2021-44,6
3993,1105018,2021-45,11
3994,1105018,2021-46,4
3995,1105018,2021-47,7
3996,1105018,2021-48,8
3997,1105018,2021-49,6
3998,1105018,2021-50,7
3999,1105018,2021-51,10
4000,1105018,2021-52,12
4001,1105018,2022-1,4
4002,1105018,2022-2,10
4003,1105018,2022-3,10
4004,1105018,2022-4,13
4005,1105018,2022-5,3
4006,1105018,2022-52,3
4007,1105018,2022-6,6
4008,1105027,2021-43,3
4009,1105027,2021-44,11
4010,1105027,2021-45,10
4011,1105027,2021-46,7
4012,1105027,2021-47,16
4013,1105027,2021-48,13
4014,1105027,2021-49,10
4015,1105027,2021-50,12
4016,1105027,2021-51,7
4017,1105027,2021-52,8
4018,1105027,2022-1,12
4019,1105027,2022-2,6
4020,1105027,2022-3,5
4021,1105027,2022-4,8
4022,1105027,2022-5,7
4023,1105027,2022-52,4
4024,1105027,2022-6,14
